date,ID,url,username,source,location,tweet,num_of_likes,num_of_retweets
9/1/2024,1,https://twitter.com/HealthyLife101/status/1,@HealthyLife101,Twitter Web App,"New York, NY",Loving FFCare's new organic shampoo! My hair feels so soft and healthy. ğ??? #FFCare #NaturalBeauty,120,15
9/2/2024,2,https://twitter.com/FitFamChris/status/2,@FitFamChris,Twitter for iPhone,"Los Angeles, CA","Just tried the FFCare protein bars. Not bad, but a bit too sweet for my taste. ğ?« #FFCare #HealthySnacks",85,9
9/3/2024,3,https://twitter.com/MommyOfTwo/status/3,@MommyOfTwo,Twitter Web App,"Chicago, IL",FFCare baby wipes are a lifesaver! Gentle on my baby's skin and smell amazing. ğ??¶ #FFCare #BabyCare,200,30
9/1/2024,4,https://twitter.com/GroomingGuru/status/4,@GroomingGuru,Twitter for Android,"Austin, TX",FFCare beard oil is a game-changer. My beard has never looked better. ğ??¥ #FFCare #BeardGoals,150,25
9/1/2024,5,https://twitter.com/EcoWarriorJane/status/5,@EcoWarriorJane,Twitter for iPhone,"San Francisco, CA",Love that FFCare's packaging is eco-friendly! We need more brands like this. ğ?? #FFCare #SustainableLiving,300,50
9/2/2024,6,https://twitter.com/SnackAddict22/status/6,@SnackAddict22,Twitter Web App,"Seattle, WA",Canâ??t get enough of FFCareâ??s granola bars. Perfect for my mid-day cravings! ğ??? #FFCare #HealthyLiving,95,10
9/3/2024,7,https://twitter.com/SkinGlowQueen/status/7,@SkinGlowQueen,Twitter for iPhone,"Miami, FL",FFCare moisturizer is my new holy grail! My skin feels so hydrated and soft. â?¨ #FFCare #Skincare,250,35
9/3/2024,8,https://twitter.com/DadLife2024/status/8,@DadLife,Twitter Web App,"Houston, TX",The FFCare diaper rash cream works wonders. Highly recommend it for all the parents out there. ğ??¶ #FFCare #BabyCare,180,20
9/1/2024,9,https://twitter.com/EcoFriendlyJohn/status/9,@EcoFriendlyJohn,Twitter for Android,"Portland, OR",Big fan of FFCareâ??s commitment to sustainability. Their products are top-notch too! ğ??± #FFCare #EcoFriendly,220,40
9/2/2024,10,https://twitter.com/BeardManMike/status/10,@BeardManMike,Twitter for iPhone,"Denver, CO",FFCare beard oil has made my beard so smooth and manageable. Loving it! ğ?§? #FFCare #BeardCare,140,15
9/2/2024,11,https://twitter.com/SnackQueen2023/status/11,@SnackQueen23,Twitter Web App,"Phoenix, AZ","FFCare granola bars are a bit pricey, but worth every penny! #FFCare #HealthySnacks",105,12
9/1/2024,12,https://twitter.com/OrganicLover88/status/12,@OrganicLover88,Twitter for Android,"Boston, MA",Canâ??t believe how good FFCareâ??s organic shampoo is! My hair has never felt better. ğ??â?â??ï¸ #FFCare #NaturalBeauty,160,18
9/3/2024,13,https://twitter.com/BabyMomma23/status/13,@BabyMomma23,Twitter for iPhone,"Philadelphia, PA","FFCare baby wipes are the best Iâ??ve ever used. Soft, durable, and smell so good! #FFCare #BabyEssentials",190,28
9/2/2024,14,https://twitter.com/BeardGoals2024/status/14,@BeardGoals,Twitter Web App,"Dallas, TX","Iâ??ve tried many beard oils, but FFCareâ??s is the best by far. My beard feels amazing. ğ??ª #FFCare #Grooming",130,16
9/1/2024,15,https://twitter.com/SustainableSam/status/15,@SustainableSam,Twitter for Android,"Atlanta, GA",FFCareâ??s commitment to sustainability makes me love their products even more. ğ?? #FFCare #GoGreen,270,45
9/2/2024,16,https://twitter.com/SnackLover22/status/16,@SnackLover22,Twitter Web App,"San Diego, CA","FFCare protein bars are good, but I wish they had more flavor options. ğ?« #FFCare #HealthyLiving",110,14
9/3/2024,17,https://twitter.com/SkinCareAddict/status/17,@SkinCareAddict,Twitter for iPhone,"Charlotte, NC",The FFCare moisturizer is life-changing! My skin has never looked so good. â?¨ #FFCare #Skincare,240,32
9/3/2024,18,https://twitter.com/NewDad2024/status/18,@NewDad,Twitter Web App,"San Antonio, TX","FFCare diaper rash cream has been a game-changer for my babyâ??s skin. Thank you, FFCare! ğ??¶ #FFCare #BabyCare",170,22
9/1/2024,19,https://twitter.com/GreenLiving101/status/19,@GreenLiving101,Twitter for Android,"Orlando, FL","FFCareâ??s eco-friendly packaging is a huge plus for me. Keep it up, FFCare! ğ??± #FFCare #SustainableLiving",210,35
9/2/2024,20,https://twitter.com/BeardGang2024/status/20,@BeardGang,Twitter for iPhone,"Indianapolis, IN",FFCare beard oil is the best Iâ??ve tried. My beard is soft and smells great. ğ?§? #FFCare #BeardGoals,135,17
9/4/2024,21,https://twitter.com/NatureLover2024/status/21,@NatureLover,Twitter for Android,"Boulder, CO","FFCareâ??s shampoo has a refreshing scent, and my hair feels so clean and soft! ğ??¿ #FFCare #HairCare",160,20
9/4/2024,22,https://twitter.com/OrganicMomma/status/22,@OrganicMomma,Twitter for iPhone,"Portland, OR",I'm obsessed with FFCare's baby wipes. They're gentle and so effective. ğ??? #FFCare #BabyEssentials,220,30
9/4/2024,23,https://twitter.com/GreenBeauty22/status/23,@GreenBeauty22,Twitter Web App,"Los Angeles, CA","Finally found a moisturizer that works for my sensitive skin. Thank you, FFCare! ğ??§ #FFCare #Skincare",250,35
9/4/2024,24,https://twitter.com/BeardBoss2024/status/24,@BeardBoss,Twitter for Android,"New York, NY",FFCare beard oil gives my beard the perfect shine. Highly recommend! ğ?§? #FFCare #BeardCare,130,18
9/4/2024,25,https://twitter.com/EcoMomma/status/25,@EcoMomma,Twitter for iPhone,"San Francisco, CA",Love the eco-friendly packaging of FFCareâ??s products. Every brand should follow their lead! ğ?? #FFCare #Sustainability,300,50
9/4/2024,26,https://twitter.com/ProteinGuru2024/status/26,@ProteinGuru,Twitter Web App,"Austin, TX",FFCare protein bars are a great snack post-workout. They give me the energy boost I need. ğ??ª #FFCare #HealthySnacks,115,14
9/4/2024,27,https://twitter.com/HealthyMomLife/status/27,@HealthyMomLife,Twitter for iPhone,"Boston, MA",FFCare baby wipes are the only ones I trust for my little one. No more rashes! #FFCare #BabyCare,200,27
9/4/2024,28,https://twitter.com/GroomingKing2024/status/28,@GroomingKing,Twitter for Android,"Chicago, IL",Just restocked on FFCare beard oil. Itâ??s an essential in my grooming routine. ğ??¥ #FFCare #BeardGoals,150,21
9/4/2024,29,https://twitter.com/EcoAdvocate22/status/29,@EcoAdvocate22,Twitter Web App,"Miami, FL",Appreciate how FFCare is leading the way with sustainable practices. Their products are great too! ğ??± #FFCare #EcoFriendly,250,40
9/4/2024,30,https://twitter.com/FitLifeCoach2024/status/30,@FitLifeCoach,Twitter for iPhone,"Denver, CO",FFCare granola bars are my go-to snack during hikes. Delicious and filling. ğ?¥¾ #FFCare #HealthyLiving,135,18
9/4/2024,31,https://twitter.com/BabyCareExpert/status/31,@BabyCareExpert,Twitter Web App,"Philadelphia, PA","If you havenâ??t tried FFCareâ??s diaper rash cream yet, youâ??re missing out. A must-have for parents! ğ??¶ #FFCare #BabyEssentials",180,24
9/4/2024,32,https://twitter.com/BeardGoals24/status/32,@BeardGoals,Twitter for Android,"Phoenix, AZ",My beard has never felt softer since I started using FFCare beard oil. ğ?§? #FFCare #Grooming,140,16
9/4/2024,33,https://twitter.com/SustainablyJane/status/33,@SustainablyJane,Twitter for iPhone,"Seattle, WA",FFCareâ??s sustainable packaging is such a win for the environment. Love supporting them! ğ?? #FFCare #GreenLiving,290,42
9/4/2024,34,https://twitter.com/SkinGuru24/status/34,@SkinGuru,Twitter for iPhone,"Dallas, TX",FFCare moisturizer is amazing! My skin is glowing like never before. â?¨ #FFCare #Skincare,245,33
9/4/2024,35,https://twitter.com/DadLife2024/status/35,@DadLife,Twitter for iPhone,"Houston, TX","Finally found a diaper rash cream that works for my baby. Thanks, FFCare! ğ??¶ #FFCare #Parenting",170,22
9/4/2024,36,https://twitter.com/OrganicFan2024/status/36,@OrganicFan,Twitter for Android,"Portland, OR",FFCareâ??s organic shampoo is a must-have in my hair care routine. ğ??? #FFCare #NaturalBeauty,190,28
9/4/2024,37,https://twitter.com/SnackLover101/status/37,@SnackLover101,Twitter Web App,"San Diego, CA",FFCare granola bars are perfect for my mid-day cravings. Delicious and healthy! ğ?« #FFCare #HealthySnacks,145,19
9/4/2024,38,https://twitter.com/EcoWarrior24/status/38,@EcoWarrior,Twitter for Android,"Sacramento, CA",Proud to support a brand like FFCare thatâ??s committed to sustainability. ğ?? #FFCare #EcoFriendly,255,40
9/4/2024,39,https://twitter.com/FitnessFreak24/status/39,@FitnessFreak,Twitter for iPhone,"Las Vegas, NV",I always keep FFCare protein bars in my gym bag. The perfect post-workout snack! ğ??ª #FFCare #FitLife,175,23
9/4/2024,40,https://twitter.com/HealthyDad24/status/40,@HealthyDad,Twitter for iPhone,"San Antonio, TX",FFCare baby wipes are a lifesaver. Gentle on my babyâ??s skin and effective. ğ??? #FFCare #Parenting,195,27
9/4/2024,41,https://twitter.com/BeardMaster24/status/41,@BeardMaster,Twitter Web App,"Orlando, FL",My beard is looking sharp thanks to FFCare beard oil. Highly recommend! ğ?§? #FFCare #Grooming,140,17
9/4/2024,42,https://twitter.com/GreenLife2024/status/42,@GreenLife,Twitter for iPhone,"Indianapolis, IN",FFCareâ??s eco-friendly approach makes me feel good about my purchases. ğ??± #FFCare #Sustainability,280,38
9/4/2024,43,https://twitter.com/SkinCareLover24/status/43,@SkinCareLover,Twitter Web App,"Atlanta, GA",FFCareâ??s moisturizer is perfect for my daily routine. My skin feels so hydrated. ğ??¦ #FFCare #Skincare,235,29
9/4/2024,44,https://twitter.com/BeardFanatic24/status/44,@BeardFanatic,Twitter for iPhone,"Charlotte, NC",FFCare beard oil has transformed my beard. Itâ??s softer and more manageable. ğ?§? #FFCare #BeardGoals,155,20
9/4/2024,45,https://twitter.com/EcoMom2024/status/45,@EcoMom,Twitter for Android,"Baltimore, MD",I love how FFCare prioritizes the environment with their products. ğ??¿ #FFCare #EcoFriendly,265,37
9/4/2024,46,https://twitter.com/FitMom24/status/46,@FitMom,Twitter for iPhone,"Columbus, OH",FFCare granola bars are a staple in my diet. Tasty and nutritious! ğ? #FFCare #HealthySnacks,160,21
9/4/2024,47,https://twitter.com/HealthyBaby24/status/47,@HealthyBaby,Twitter for iPhone,"Kansas City, MO",FFCareâ??s diaper rash cream has been a game-changer for my babyâ??s skin. ğ??¶ #FFCare #Parenting,185,25
9/4/2024,48,https://twitter.com/GreenGrooming24/status/48,@GreenGrooming,Twitter Web App,"Nashville, TN",Just got my FFCare beard oil delivery. This stuff is the real deal. ğ?§? #FFCare #Grooming,130,16
9/4/2024,49,https://twitter.com/EcoWarriorMom24/status/49,@EcoWarriorMom,Twitter for iPhone,"Washington, DC",Supporting FFCare means supporting a healthier planet. ğ??? #FFCare #EcoFriendly,280,42
9/4/2024,50,https://twitter.com/FitFamily24/status/50,@FitFamily,Twitter for Android,"Memphis, TN",FFCare granola bars are a hit with the whole family. Healthy and delicious! ğ?¥³ #FFCare #HealthyLiving,170,22
9/4/2024,51,https://twitter.com/BeardStyle24/status/51,@BeardStyle,Twitter Web App,"Louisville, KY",FFCare beard oil is a must-have for any guy who takes his grooming seriously. ğ?§? #FFCare #BeardGoals,145,19
9/4/2024,52,https://twitter.com/SkinLover24/status/52,@SkinLover,Twitter for iPhone,"Detroit, MI",My skin is thanking me for switching to FFCare moisturizer. Hydration is key! ğ??¦ #FFCare #Skincare,240,32
9/4/2024,53,https://twitter.com/EcoConscious24/status/53,@EcoConscious,Twitter Web App,"San Francisco, CA","Iâ??m all about reducing my carbon footprint, and FFCareâ??s eco-friendly products help me do just that. ğ?? #FFCare #GreenLiving",265,37
9/4/2024,54,https://twitter.com/FitnessMom24/status/54,@FitnessMom,Twitter for Android,"Baltimore, MD",FFCare protein bars are perfect for keeping me energized throughout the day. ğ??ª #FFCare #HealthySnacks,175,24
9/4/2024,55,https://twitter.com/BabyCare24/status/55,@BabyCare,Twitter for iPhone,"New Orleans, LA",FFCare baby wipes are super gentle and effective. Theyâ??re the only ones I use. ğ??¶ #FFCare #Parenting,190,27
9/4/2024,56,https://twitter.com/BeardKing24/status/56,@BeardKing,Twitter Web App,"Cleveland, OH",Nothing beats the shine and softness FFCare beard oil gives my beard. ğ?§? #FFCare #BeardGoals,150,20
9/4/2024,57,https://twitter.com/EcoChic24/status/57,@EcoChic,Twitter for Android,"San Diego, CA",The eco-friendly packaging of FFCare products is what won me over. ğ??¿ #FFCare #Sustainability,275,36
9/4/2024,58,https://twitter.com/FitDad24/status/58,@FitDad,Twitter for iPhone,"Las Vegas, NV",I keep a stash of FFCare granola bars in my office. Theyâ??re the perfect snack. ğ?? #FFCare #HealthyLiving,160,22
9/4/2024,59,https://twitter.com/HealthyLifestyle24/status/59,@HealthyLifestyle,Twitter Web App,"Phoenix, AZ",FFCare protein bars are my secret weapon for a quick energy boost. ğ??ï¸â?â??ï¸ #FFCare #FitLife,180,25
9/4/2024,60,https://twitter.com/GreenMom24/status/60,@GreenMom,Twitter for iPhone,"Los Angeles, CA",FFCareâ??s sustainable approach is exactly what the world needs more of. ğ??? #FFCare #GreenLiving,290,42
9/4/2024,61,https://twitter.com/BeardFan24/status/61,@BeardFan,Twitter for Android,"Chicago, IL",Every guy with a beard needs to try FFCare beard oil. Itâ??s a game-changer. ğ?§? #FFCare #Grooming,140,18
9/4/2024,62,https://twitter.com/FitFam24/status/62,@FitFam,Twitter Web App,"San Francisco, CA",FFCare granola bars are perfect for our familyâ??s on-the-go lifestyle. Delicious and nutritious. ğ?« #FFCare #HealthySnacks,165,21
9/4/2024,63,https://twitter.com/SkinExpert24/status/63,@SkinExpert,Twitter for iPhone,"Houston, TX",FFCare moisturizer is a staple in my skincare routine. My skin feels amazing. â?¨ #FFCare #Skincare,235,30
9/4/2024,64,https://twitter.com/EcoLifestyle24/status/64,@EcoLifestyle,Twitter for Android,"Miami, FL",Itâ??s refreshing to see a brand like FFCare take sustainability seriously. ğ??¿ #FFCare #GreenLiving,275,37
9/4/2024,65,https://twitter.com/BeardGrooming24/status/65,@BeardGrooming,Twitter Web App,"Dallas, TX",Canâ??t go a day without using FFCare beard oil. My beard has never been healthier. ğ?§? #FFCare #BeardGoals,145,20
9/4/2024,66,https://twitter.com/HealthConscious24/status/66,@HealthConscious,Twitter for iPhone,"Austin, TX",FFCare granola bars are my go-to snack for a busy day. They keep me fueled. ğ? #FFCare #HealthyLiving,160,21
9/4/2024,67,https://twitter.com/SkinEnthusiast24/status/67,@SkinEnthusiast,Twitter Web App,"Philadelphia, PA",FFCareâ??s moisturizer is hands down the best Iâ??ve ever used. Hydration on point! ğ??§ #FFCare #Skincare,245,32
9/4/2024,68,https://twitter.com/BeardCare24/status/68,@BeardCare,Twitter for Android,"San Antonio, TX",FFCare beard oil is now a permanent part of my grooming routine. Canâ??t recommend it enough. ğ?§? #FFCare #Grooming,150,19
9/4/2024,69,https://twitter.com/SustainableLife24/status/69,@SustainableLife,Twitter for iPhone,"Seattle, WA",Supporting FFCare feels like supporting the future. Their eco-friendly products are amazing. ğ?? #FFCare #GreenLiving,285,40
9/4/2024,70,https://twitter.com/HealthySnacker24/status/70,@HealthySnacker,Twitter Web App,"Orlando, FL",FFCare granola bars are perfect for my mid-morning snack. So satisfying! ğ?« #FFCare #HealthySnacks,150,20
9/4/2024,71,https://twitter.com/BeardLover24/status/71,@BeardLover,Twitter for iPhone,"Denver, CO",FFCare beard oil has changed the game for me. My beard has never been softer. ğ?§? #FFCare #BeardGoals,140,17
9/4/2024,72,https://twitter.com/GreenEarth24/status/72,@GreenEarth,Twitter Web App,"Portland, OR",FFCareâ??s commitment to sustainability is inspiring. ğ??¿ #FFCare #EcoFriendly,270,35
9/4/2024,73,https://twitter.com/FitFan24/status/73,@FitFan,Twitter Web App,"Atlanta, GA",FFCare protein bars are my secret weapon for post-workout recovery. ğ??ï¸â?â??ï¸ #FFCare #FitLife,175,23
9/4/2024,74,https://twitter.com/BeardPro24/status/74,@BeardPro,Twitter Web App,"Phoenix, AZ",FFCare beard oil is the best thing thatâ??s ever happened to my beard. Highly recommend! ğ?§? #FFCare #BeardGoals,145,18
9/4/2024,75,https://twitter.com/SkinLover24/status/75,@SkinLover,Twitter for iPhone,"Charlotte, NC",FFCareâ??s moisturizer has completely transformed my skin. Hydration for days! ğ??¦ #FFCare #Skincare,240,32
9/4/2024,76,https://twitter.com/EcoLover24/status/76,@EcoLover,Twitter Web App,"Chicago, IL",FFCareâ??s eco-friendly products make it easy to live sustainably. ğ?? #FFCare #GreenLiving,280,39
9/4/2024,77,https://twitter.com/BeardBoss24/status/77,@BeardBoss,Twitter Web App,"Nashville, TN",I canâ??t believe how soft and shiny my beard is after using FFCare beard oil. ğ?§? #FFCare #Grooming,150,19
9/4/2024,78,https://twitter.com/FitnessGuru24/status/78,@FitnessGuru,Twitter Web App,"Miami, FL",FFCare protein bars are a lifesaver when I need a quick snack. ğ??ª #FFCare #FitLife,170,22
9/4/2024,79,https://twitter.com/EcoFriendly24/status/79,@EcoFriendly,Twitter Web App,"Los Angeles, CA",Itâ??s great to see a brand like FFCare put the planet first. ğ??? #FFCare #EcoFriendly,295,42
9/4/2024,80,https://twitter.com/BeardExpert24/status/80,@BeardExpert,Twitter Web App,"Atlanta, GA",FFCare beard oil is a game-changer for anyone serious about their beard. ğ?§? #FFCare #BeardGoals,140,17
9/4/2024,1,https://twitter.com/HappyCustomer/status/1,@HappyCustomer,Twitter for iPhone,"Lagos, Nigeria",FFCare toothpaste has been a lifesaver for my sensitive gums! It's gentle yet effective. #FFCare #DentalHealth,10,5
9/4/2024,2,https://twitter.com/Disappointed/status/2,@Disappointed,Twitter Web App,"Lagos, Nigeria",Disappointed with FFCare's shampoo. It left my hair feeling dry and frizzy. #FFCare #HairCare,3,2
9/4/2024,3,https://twitter.com/NeutralUser/status/3,@NeutralUser,Twitter for Android,"Lagos, Nigeria","FFCare body wash is okay, but I've found better options. #FFCare #BodyCare",2,1
9/4/2024,4,https://twitter.com/AcneSolution/status/4,@AcneSolution,Twitter for iPhone,"Lagos, Nigeria",FFCare face wash has been a game-changer for my acne-prone skin. #FFCare #Skincare,8,4
9/4/2024,99,https://twitter.com/EcoFriendly/status/99,@EcoFriendly,Twitter Web App,"Lagos, Nigeria",FFCare's commitment to sustainability is commendable. #FFCare #GreenLiving,12,7
9/4/2024,100,https://twitter.com/BudgetBuyer/status/100,@BudgetBuyer,Twitter for Android,"Lagos, Nigeria",FFCare products are always a good value for money. They're effective and affordable.  #FFCare #BudgetFriendly,15,8
9/4/2024,81,https://twitter.com/FitnessFanatic24/status/81,@FitnessFanatic,Twitter for iPhone,"Boston, MA",FFCare protein bars have become my go-to post-workout snack. So good! ğ??ª #FFCare #FitnessLife,185,26
9/4/2024,82,https://twitter.com/EcoWarrior24/status/82,@EcoWarrior,Twitter for Android,"San Francisco, CA",The eco-conscious packaging of FFCare products makes me feel good about my purchases. ğ??± #FFCare #SustainableLiving,260,35
9/4/2024,83,https://twitter.com/BeardGent24/status/83,@BeardGent,Twitter Web App,"New York, NY","FFCare beard oil is my secret to a well-groomed, healthy beard. ğ?§? #FFCare #GroomingEssentials",160,22
9/4/2024,84,https://twitter.com/SkincareJunkie24/status/84,@SkincareJunkie,Twitter for iPhone,"Los Angeles, CA","Iâ??ve been using FFCare moisturizer for weeks now, and my skin is glowing. ğ??? #FFCare #SkincareRoutine",225,31
9/4/2024,85,https://twitter.com/GreenThumb24/status/85,@GreenThumb,Twitter for Android,"Portland, OR",FFCareâ??s commitment to sustainability aligns perfectly with my values. ğ?? #FFCare #EcoFriendly,275,38
9/4/2024,86,https://twitter.com/Foodie24/status/86,@Foodie,Twitter Web App,"Austin, TX","FFCare granola bars are so tasty, I always have one in my bag. ğ?? #FFCare #HealthySnacks",150,19
9/4/2024,87,https://twitter.com/BeardMaster24/status/87,@BeardMaster,Twitter for iPhone,"Chicago, IL",The difference FFCare beard oil makes is unbelievable. My beard looks fantastic! ğ?§? #FFCare #BeardCare,170,24
9/4/2024,88,https://twitter.com/SkinGuru24/status/88,@SkinGuru,Twitter for Android,"San Diego, CA",FFCareâ??s moisturizer is a game-changer. My skin is more hydrated than ever. ğ??§ #FFCare #Skincare,240,32
9/4/2024,89,https://twitter.com/EcoChic24/status/89,@EcoChic,Twitter Web App,"Miami, FL",FFCareâ??s eco-friendly packaging makes it easy to be a conscious consumer. ğ??¿ #FFCare #Sustainability,265,37
9/4/2024,90,https://twitter.com/ProteinPower24/status/90,@ProteinPower,Twitter for iPhone,"Houston, TX",FFCare protein bars are my go-to for a quick energy boost. Highly recommend! ğ??ï¸â?â??ï¸ #FFCare #FitLife,190,26
9/4/2024,91,https://twitter.com/EcoMama24/status/91,@EcoMama,Twitter for Android,"Seattle, WA",I love that FFCare is committed to sustainability. Their products are amazing! ğ??? #FFCare #GreenLiving,285,40
9/4/2024,92,https://twitter.com/BeardBoss24/status/92,@BeardBoss,Twitter Web App,"Phoenix, AZ",FFCare beard oil has made a huge difference in the texture and shine of my beard. ğ?§? #FFCare #BeardGoals,155,21
9/4/2024,93,https://twitter.com/SkincareLover24/status/93,@SkincareLover,Twitter for iPhone,"Orlando, FL",FFCare moisturizer is the best Iâ??ve tried. My skin feels so soft and hydrated. â?¨ #FFCare #SkincareRoutine,230,30
9/4/2024,94,https://twitter.com/HealthyLife24/status/94,@HealthyLife,Twitter for Android,"Dallas, TX","FFCare granola bars are perfect for a quick, healthy snack. ğ?« #FFCare #HealthyLiving",170,23
9/4/2024,95,https://twitter.com/EcoWarrior24/status/95,@EcoWarrior,Twitter Web App,"Portland, OR",Supporting brands like FFCare makes me feel like Iâ??m making a difference. ğ?? #FFCare #SustainableLiving,275,38
9/4/2024,96,https://twitter.com/FitnessBuff24/status/96,@FitnessBuff,Twitter for iPhone,"Los Angeles, CA",I keep FFCare protein bars in my gym bag. Theyâ??re perfect for a quick energy boost. ğ??ª #FFCare #FitnessLife,180,25
9/4/2024,97,https://twitter.com/EcoFan24/status/97,@EcoFan,Twitter for Android,"San Francisco, CA",FFCareâ??s eco-friendly products make me proud to support the brand. ğ??± #FFCare #GreenLiving,290,41
9/4/2024,98,https://twitter.com/BeardCare24/status/98,@BeardCare,Twitter Web App,"New York, NY",FFCare beard oil is hands down the best. My beard has never felt this good. ğ?§? #FFCare #Grooming,160,22
9/4/2024,99,https://twitter.com/SkinGlow24/status/99,@SkinGlow,Twitter for iPhone,"Chicago, IL","Since using FFCare moisturizer, my skin has never looked better. So soft! ğ??¦ #FFCare #Skincare",235,31
9/4/2024,100,https://twitter.com/GreenLiving24/status/100,@GreenLiving,Twitter Web App,"Seattle, WA",Iâ??m all about FFCareâ??s sustainable practices. Theyâ??ve won me over! ğ?? #FFCare #EcoFriendly,270,35
9/4/2024,101,https://twitter.com/FitFam24/status/101,@FitFam,Twitter Web App,"Dallas, TX",FFCare protein bars are a must-have in my fitness routine. Delicious and effective. ğ??ï¸â?â??ï¸ #FFCare #FitLife,195,28
9/4/2024,102,https://twitter.com/BeardMan24/status/102,@BeardMan,Twitter Web App,"Phoenix, AZ",FFCare beard oil has transformed my beard. Itâ??s never been so healthy and soft. ğ?§? #FFCare #BeardGoals,165,23
9/4/2024,103,https://twitter.com/GlowUp24/status/103,@GlowUp,Twitter for iPhone,"Miami, FL",FFCare moisturizer is magic in a bottle. My skin is radiant! â?¨ #FFCare #SkincareRoutine,240,32
9/4/2024,104,https://twitter.com/EcoConscious24/status/104,@EcoConscious,Twitter for Android,"San Diego, CA",FFCareâ??s focus on sustainability is something every brand should emulate. ğ??± #FFCare #GreenLiving,280,39
9/4/2024,105,https://twitter.com/HealthySnacker24/status/105,@HealthySnacker,Twitter Web App,"Austin, TX",Iâ??m obsessed with FFCare granola bars. Perfect for when Iâ??m on the go. ğ? #FFCare #HealthyEating,175,24
9/4/2024,106,https://twitter.com/BeardEnthusiast24/status/106,@BeardEnthusiast,Twitter for iPhone,"Boston, MA",FFCare beard oil is the best investment Iâ??ve made for my beard. ğ?§? #FFCare #Grooming,170,23
9/4/2024,107,https://twitter.com/SkinCareFan24/status/107,@SkinCareFan,Twitter for Android,"Portland, OR",FFCare moisturizer is my new skincare favorite. So hydrating! ğ??§ #FFCare #Skincare,220,30
9/4/2024,108,https://twitter.com/EcoLiving24/status/108,@EcoLiving,Twitter Web App,"Seattle, WA",I love supporting FFCare because they care about the planet. ğ?? #FFCare #Sustainability,275,38
9/4/2024,109,https://twitter.com/FitnessJunkie24/status/109,@FitnessJunkie,Twitter for iPhone,"New York, NY",FFCare protein bars are the perfect blend of taste and nutrition. ğ??ª #FFCare #FitLife,185,26
9/4/2024,110,https://twitter.com/GreenHeart24/status/110,@GreenHeart,Twitter for Android,"Los Angeles, CA",Itâ??s great to see a brand like FFCare prioritize sustainability. ğ??± #FFCare #GreenLiving,290,41
9/4/2024,111,https://twitter.com/BeardPro24/status/111,@BeardPro,Twitter Web App,"Nashville, TN",FFCare beard oil has completely transformed my grooming routine. ğ?§? #FFCare #BeardGoals,160,22
9/4/2024,112,https://twitter.com/SkinCareGuru24/status/112,@SkinCareGuru,Twitter for iPhone,"Chicago, IL","Since using FFCare moisturizer, my skin has never looked better. Hydration is key! â?¨ #FFCare #Skincare",230,30
9/4/2024,113,https://twitter.com/EcoAdvocate24/status/113,@EcoAdvocate,Twitter for Android,"Portland, OR",Iâ??m all about FFCareâ??s sustainable products. Theyâ??ve gained a loyal customer! ğ?? #FFCare #EcoFriendly,275,38
9/4/2024,114,https://twitter.com/FitnessEnthusiast24/status/114,@FitnessEnthusiast,Twitter Web App,"Miami, FL",FFCare protein bars are my go-to snack before hitting the gym. ğ??ï¸â?â??ï¸ #FFCare #FitnessLife,190,26
9/4/2024,115,https://twitter.com/EcoFriendly24/status/115,@EcoFriendly,Twitter for iPhone,"Seattle, WA",FFCareâ??s commitment to sustainability is why I keep coming back. ğ??? #FFCare #GreenLiving,285,40
9/4/2024,116,https://twitter.com/BeardLover24/status/116,@BeardLover,Twitter for Android,"Chicago, IL",FFCare beard oil is the best thing thatâ??s ever happened to my beard. ğ?§? #FFCare #GroomingEssentials,155,21
9/4/2024,117,https://twitter.com/SkinGlow24/status/117,@SkinGlow,Twitter Web App,"New York, NY",FFCare moisturizer is my secret to glowing skin. Hydrated and happy! ğ??§ #FFCare #SkincareRoutine,240,32
9/4/2024,118,https://twitter.com/EcoLover24/status/118,@EcoLover,Twitter for iPhone,"San Francisco, CA",Iâ??m proud to support a brand like FFCare that cares about the environment. ğ??¿ #FFCare #SustainableLiving,265,37
9/4/2024,119,https://twitter.com/FitLife24/status/119,@FitLife,Twitter for Android,"Austin, TX",FFCare protein bars keep me going through my toughest workouts. ğ??ª #FFCare #FitFam,170,23
9/4/2024,120,https://twitter.com/BeardBros24/status/120,@BeardBros,Twitter Web App,"Los Angeles, CA",FFCare beard oil has become a staple in my grooming routine. ğ?§? #FFCare #BeardCare,165,23
9/4/2024,121,https://twitter.com/SkinCareObsessed24/status/121,@SkinCareObsessed,Twitter for iPhone,"Miami, FL",FFCare moisturizer is the best Iâ??ve ever used. My skin feels amazing! ğ??¦ #FFCare #Skincare,235,31
9/4/2024,122,https://twitter.com/EcoChamp24/status/122,@EcoChamp,Twitter for Android,"Seattle, WA",FFCareâ??s eco-friendly approach makes me proud to be a customer. ğ?? #FFCare #GreenLiving,270,35
9/4/2024,123,https://twitter.com/BeardGroomer24/status/123,@BeardGroomer,Twitter Web App,"Chicago, IL",FFCare beard oil has made my grooming routine so much easier. ğ?§? #FFCare #BeardGoals,155,21
9/4/2024,124,https://twitter.com/GlowGetter24/status/124,@GlowGetter,Twitter for iPhone,"New York, NY",FFCare moisturizer is my new skincare obsession. My skin is glowing! â?¨ #FFCare #SkincareRoutine,230,30
9/4/2024,125,https://twitter.com/EcoAdvocate24/status/125,@EcoAdvocate,Twitter for Android,"Portland, OR",FFCareâ??s commitment to the environment is why Iâ??m a loyal customer. ğ??± #FFCare #SustainableLiving,275,38
9/4/2024,126,https://twitter.com/FitnessGuru24/status/126,@FitnessGuru,Twitter Web App,"Los Angeles, CA",FFCare protein bars are the best pre-workout snack. They give me the energy I need. ğ??ª #FFCare #FitLife,180,25
9/4/2024,127,https://twitter.com/EcoEnthusiast24/status/127,@EcoEnthusiast,Twitter for iPhone,"San Francisco, CA",Supporting FFCare feels good because they care about the planet. ğ?? #FFCare #GreenLiving,285,40
9/4/2024,128,https://twitter.com/BeardAficionado24/status/128,@BeardAficionado,Twitter for Android,"Chicago, IL",FFCare beard oil is a game-changer for my beard care routine. ğ?§? #FFCare #Grooming,160,22
9/4/2024,129,https://twitter.com/SkinCareAddict24/status/129,@SkinCareAddict,Twitter Web App,"Boston, MA",FFCare moisturizer is my new favorite. My skin has never felt this soft. ğ??§ #FFCare #SkincareRoutine,240,32
9/4/2024,130,https://twitter.com/EcoLife24/status/130,@EcoLife,Twitter for iPhone,"Seattle, WA",FFCareâ??s dedication to sustainability is what every brand should strive for. ğ??± #FFCare #EcoFriendly,290,41
9/4/2024,131,https://twitter.com/FitGoals24/status/131,@FitGoals,Twitter for Android,"Phoenix, AZ",FFCare protein bars are a must for anyone serious about fitness. ğ??ï¸â?â??ï¸ #FFCare #FitLife,195,28
9/4/2024,132,https://twitter.com/BeardMaster24/status/132,@BeardMaster,Twitter Web App,"Nashville, TN",FFCare beard oil has taken my grooming to the next level. ğ?§? #FFCare #BeardCare,165,23
9/4/2024,133,https://twitter.com/SkinCareExpert24/status/133,@SkinCareExpert,Twitter for iPhone,"San Francisco, CA",FFCare moisturizer is amazing. My skin has never been so hydrated. ğ??¦ #FFCare #Skincare,230,30
9/4/2024,134,https://twitter.com/EcoWarrior24/status/134,@EcoWarrior,Twitter Web App,"Seattle, WA",Iâ??m all about FFCareâ??s sustainable practices. Theyâ??ve won me over! ğ?? #FFCare #EcoFriendly,275,38
9/4/2024,135,https://twitter.com/FitnessAddict24/status/135,@FitnessAddict,Twitter Web App,"Dallas, TX",FFCare protein bars are the best Iâ??ve had. Perfect for my workouts. ğ??ª #FFCare #FitLife,180,25
9/4/2024,136,https://twitter.com/BeardCarePro24/status/136,@BeardCarePro,Twitter Web App,"Phoenix, AZ",FFCare beard oil is hands down the best. My beard has never felt this good. ğ?§? #FFCare #BeardCare,160,22
9/4/2024,137,https://twitter.com/SkinGlowPro24/status/137,@SkinGlowPro,Twitter for iPhone,"Chicago, IL","Since using FFCare moisturizer, my skin has never looked better. So soft! ğ??¦ #FFCare #Skincare",235,31
9/4/2024,138,https://twitter.com/GreenLivingPro24/status/138,@GreenLivingPro,Twitter Web App,"Seattle, WA",Iâ??m all about FFCareâ??s sustainable practices. Theyâ??ve won me over! ğ?? #FFCare #EcoFriendly,270,35
9/4/2024,139,https://twitter.com/FitFamPro24/status/139,@FitFamPro,Twitter Web App,"Dallas, TX",FFCare protein bars are a must-have in my fitness routine. Delicious and effective. ğ??ï¸â?â??ï¸ #FFCare #FitLife,195,28
9/4/2024,140,https://twitter.com/BeardPro24/status/140,@BeardPro,Twitter Web App,"Phoenix, AZ",FFCare beard oil has transformed my beard. Itâ??s never been so healthy and soft. ğ?§? #FFCare #BeardGoals,165,23
9/4/2024,141,https://twitter.com/HealthyLiving24/status/141,@HealthyLiving,Twitter for iPhone,"Boston, MA",FFCare protein bars are my secret weapon for staying energized all day. ğ??¥ #FFCare #HealthyLiving,175,24
9/4/2024,142,https://twitter.com/BeardFanatic24/status/142,@BeardFanatic,Twitter Web App,"San Diego, CA","Since I started using FFCare beard oil, my beard has never felt softer. ğ?§? #FFCare #BeardCare",160,21
9/4/2024,143,https://twitter.com/SkinCareJunkie24/status/143,@SkinCareJunkie,Twitter for Android,"Miami, FL",FFCare moisturizer is the best addition to my skincare routine. Hydrated and happy! ğ??§ #FFCare #Skincare,245,33
9/4/2024,144,https://twitter.com/EcoMindful24/status/144,@EcoMindful,Twitter Web App,"Portland, OR",Supporting a brand like FFCare thatâ??s committed to sustainability is a no-brainer. ğ??? #FFCare #EcoFriendly,265,37
9/4/2024,145,https://twitter.com/FitJourney24/status/145,@FitJourney,Twitter for iPhone,"Houston, TX",FFCare protein bars are my go-to for pre and post-workout snacks. ğ??ª #FFCare #FitnessJourney,180,25
9/4/2024,146,https://twitter.com/BeardNation24/status/146,@BeardNation,Twitter for Android,"Denver, CO",FFCare beard oil has transformed my beard from scruffy to smooth. ğ?§? #FFCare #BeardNation,170,22
9/4/2024,147,https://twitter.com/GlowUp24/status/147,@GlowUp,Twitter Web App,"Los Angeles, CA",FFCare moisturizer is my secret to glowing skin. So hydrated! ğ??¦ #FFCare #GlowUp,240,32
9/4/2024,148,https://twitter.com/GreenPlanet24/status/148,@GreenPlanet,Twitter for iPhone,"San Francisco, CA",It feels good to support a brand like FFCare thatâ??s making a difference. ğ??± #FFCare #SustainableLiving,280,40
9/4/2024,149,https://twitter.com/FitLifePro24/status/149,@FitLifePro,Twitter for Android,"Austin, TX",FFCare protein bars are a game-changer for my fitness routine. ğ??ï¸â?â??ï¸ #FFCare #FitLife,195,28
9/4/2024,150,https://twitter.com/BeardCare24/status/150,@BeardCare,Twitter Web App,"New York, NY",FFCare beard oil is the best grooming product Iâ??ve ever used. ğ?§? #FFCare #BeardGoals,175,24
9/4/2024,151,https://twitter.com/SkinGlow24/status/151,@SkinGlow,Twitter for iPhone,"Miami, FL",My skin is glowing thanks to FFCare moisturizer. Canâ??t recommend it enough! â?¨ #FFCare #Skincare,250,35
9/4/2024,152,https://twitter.com/EcoFriendlyLife24/status/152,@EcoFriendlyLife,Twitter Web App,"Seattle, WA",Proud to support FFCare and their commitment to a greener planet. ğ?? #FFCare #EcoFriendly,270,36
9/4/2024,153,https://twitter.com/FitFam24/status/153,@FitFam,Twitter for Android,"Chicago, IL",FFCare protein bars give me the energy I need for my toughest workouts. ğ??¥ #FFCare #FitFam,185,26
9/4/2024,154,https://twitter.com/BeardAficionado24/status/154,@BeardAficionado,Twitter Web App,"Phoenix, AZ",FFCare beard oil is a must-have for anyone serious about beard care. ğ?§? #FFCare #BeardAficionado,165,23
9/4/2024,155,https://twitter.com/SkinCareAddict24/status/155,@SkinCareAddict,Twitter for iPhone,"Los Angeles, CA",FFCare moisturizer has taken my skincare routine to the next level. My skin is flawless! ğ??¦ #FFCare #SkincareAddict,255,34
9/4/2024,156,https://twitter.com/EcoEnthusiast24/status/156,@EcoEnthusiast,Twitter Web App,"San Francisco, CA",FFCareâ??s eco-friendly products are a win for both my skin and the planet. ğ??± #FFCare #EcoFriendly,275,38
9/4/2024,157,https://twitter.com/FitGoals24/status/157,@FitGoals,Twitter for iPhone,"New York, NY",FFCare protein bars are the perfect pre-workout snack. Highly recommend! ğ??ª#FFCare #FitGoals,190,27
9/4/2024,158,https://twitter.com/BeardGang24/status/158,@BeardGang,Twitter Web App,"Nashville, TN",FFCare beard oil has made my beard softer and more manageable. ğ?§? #FFCare #BeardGang,160,21
9/4/2024,159,https://twitter.com/GlowingSkin24/status/159,@GlowingSkin,Twitter for Android,"Atlanta, GA","Since I started using FFCare moisturizer, my skin has never looked better. So smooth! â?¨ #FFCare #GlowingSkin",245,32
9/4/2024,160,https://twitter.com/EcoLiving24/status/160,@EcoLiving,Twitter Web App,"Portland, OR",FFCareâ??s dedication to sustainability makes them my go-to brand. ğ?? #FFCare #EcoLiving,260,35
9/4/2024,161,https://twitter.com/FitFamGoals24/status/161,@FitFamGoals,Twitter for iPhone,"Miami, FL",FFCare protein bars are a must-have for my daily workout routine. ğ??¥ #FFCare #FitFamGoals,185,26
9/4/2024,162,https://twitter.com/BeardBoss24/status/162,@BeardBoss,Twitter Web App,"Los Angeles, CA",My beard is thriving thanks to FFCare beard oil. ğ?§? #FFCare #BeardBoss,170,22
9/4/2024,163,https://twitter.com/SkinCareExpert24/status/163,@SkinCareExpert,Twitter for iPhone,"San Francisco, CA",FFCare moisturizer is amazing. My skin has never been so hydrated. ğ??¦ #FFCare #Skincare,230,30
9/4/2024,164,https://twitter.com/EcoConscious24/status/164,@EcoConscious,Twitter for Android,"Portland, OR",Itâ??s great to see a brand like FFCare prioritizing eco-friendly practices. ğ??± #FFCare #EcoConscious,265,36
9/4/2024,165,https://twitter.com/FitFamPro24/status/165,@FitFamPro,Twitter Web App,"Dallas, TX",FFCare protein bars are a must-have in my fitness routine. Delicious and effective. ğ??ï¸â?â??ï¸ #FFCare #FitLife,195,28
9/4/2024,166,https://twitter.com/BeardGrooming24/status/166,@BeardGrooming,Twitter for Android,"Denver, CO",FFCare beard oil is a game-changer. My beard has never looked or felt better. ğ?§? #FFCare #BeardGrooming,165,24
9/4/2024,167,https://twitter.com/SkinGlowPro24/status/167,@SkinGlowPro,Twitter for iPhone,"Chicago, IL","Since using FFCare moisturizer, my skin has never looked better. So soft! ğ??¦ #FFCare #Skincare",235,31
9/4/2024,168,https://twitter.com/GreenLivingPro24/status/168,@GreenLivingPro,Twitter Web App,"Seattle, WA",Iâ??m all about FFCareâ??s sustainable practices. Theyâ??ve won me over! ğ?? #FFCare #EcoFriendly,270,35
9/4/2024,169,https://twitter.com/FitFam24/status/169,@FitFam,Twitter for iPhone,"Atlanta, GA",FFCare protein bars are the perfect on-the-go snack for busy days. ğ??¥ #FFCare #FitFam,180,25
9/4/2024,170,https://twitter.com/BeardPro24/status/170,@BeardPro,Twitter Web App,"Phoenix, AZ",FFCare beard oil has transformed my beard. Itâ??s never been so healthy and soft. ğ?§? #FFCare #BeardGoals,165,23
9/4/2024,171,https://twitter.com/SkinCareGuru24/status/171,@SkinCareGuru,Twitter for Android,"New York, NY",FFCare moisturizer is a must-have for anyone serious about skincare. My skin feels incredible! â?¨ #FFCare #SkincareGuru,250,33
9/4/2024,172,https://twitter.com/EcoWarrior24/status/172,@EcoWarrior,Twitter Web App,"Seattle, WA",Iâ??m all about FFCareâ??s sustainable practices. Theyâ??ve won me over! ğ?? #FFCare #EcoFriendly,275,38
9/4/2024,173,https://twitter.com/FitnessPro24/status/173,@FitnessPro,Twitter for iPhone,"Miami, FL",FFCare protein bars are the best Iâ??ve had. Perfect for my workouts. ğ??ª #FFCare #FitLife,200,30
9/4/2024,174,https://twitter.com/BeardExpert24/status/174,@BeardExpert,Twitter Web App,"Los Angeles, CA",FFCare beard oil is a game-changer for my grooming routine,100,20
9/4/2024,175,https://twitter.com/HealthyBeard24/status/175,@HealthyBeard,Twitter Web App,"San Diego, CA",FFCare beard oil has my beard looking and feeling amazing. Highly recommend! ğ?§? #FFCare #BeardHealth,170,25
9/4/2024,176,https://twitter.com/SkinLover24/status/176,@SkinLover,Twitter for iPhone,"New York, NY",My skin has never been this smooth since using FFCare moisturizer. ğ??§ #FFCare #SkinLover,260,32
9/4/2024,177,https://twitter.com/EcoFanatic24/status/177,@EcoFanatic,Twitter Web App,"San Francisco, CA",I love that FFCare focuses on sustainability. Their products are as green as they are effective. ğ?? #FFCare #EcoFanatic,275,37
9/4/2024,178,https://twitter.com/FitAddict24/status/178,@FitAddict,Twitter for iPhone,"Houston, TX",FFCare protein bars are perfect for a quick energy boost during my workouts. ğ??ª #FFCare #FitAddict,185,29
9/4/2024,179,https://twitter.com/BeardGuru24/status/179,@BeardGuru,Twitter Web App,"Dallas, TX",FFCare beard oil has made a huge difference in my beardâ??s health. ğ?§? #FFCare #BeardGuru,165,23
9/4/2024,180,https://twitter.com/SkinCareLove24/status/180,@SkinCareLove,Twitter for Android,"Chicago, IL",FFCare moisturizer is my new favorite skincare product. It leaves my skin so soft! ğ??¦ #FFCare #SkinCareLove,250,35
9/4/2024,181,https://twitter.com/GreenChoice24/status/181,@GreenChoice,Twitter Web App,"Portland, OR",FFCareâ??s eco-friendly approach is a major plus for me. Their products are great! ğ??± #FFCare #GreenChoice,270,34
9/4/2024,182,https://twitter.com/FitLifeGuru24/status/182,@FitLifeGuru,Twitter for iPhone,"Miami, FL",FFCare protein bars are my top choice for a quick and tasty energy boost. ğ??ª #FFCare #FitLifeGuru,190,27
9/4/2024,183,https://twitter.com/BeardMaster24/status/183,@BeardMaster,Twitter Web App,"Seattle, WA",FFCare beard oil is a game-changer for beard grooming. My beard has never felt this good! ğ?§? #FFCare #BeardMaster,160,22
9/4/2024,184,https://twitter.com/SkinCareFanatic24/status/184,@SkinCareFanatic,Twitter for Android,"San Diego, CA",FFCare moisturizer is a must-have for anyone looking to improve their skincare routine. ğ??§ #FFCare #SkinCareFanatic,255,34
9/4/2024,185,https://twitter.com/EcoLover24/status/185,@EcoLover,Twitter Web App,"Boston, MA",Loving FFCareâ??s commitment to sustainability. Their eco-friendly products are top-notch. ğ?? #FFCare #EcoLover,275,36
9/4/2024,186,https://twitter.com/FitLifeFan24/status/186,@FitLifeFan,Twitter for iPhone,"Dallas, TX",FFCare protein bars are perfect for a quick and healthy snack. Love the taste! ğ??ª #FFCare #FitLifeFan,195,28
9/4/2024,187,https://twitter.com/BeardEnthusiast24/status/187,@BeardEnthusiast,Twitter Web App,"Phoenix, AZ",FFCare beard oil has made my beard softer and shinier. ğ?§? #FFCare #BeardEnthusiast,170,24
9/4/2024,188,https://twitter.com/SkinCarePro24/status/188,@SkinCarePro,Twitter for Android,"Chicago, IL",FFCare moisturizer is a game-changer for my skincare routine. My skin has never felt this smooth! ğ??¦ #FFCare #SkinCarePro,245,31
9/4/2024,189,https://twitter.com/EcoFriendly24/status/189,@EcoFriendly,Twitter Web App,"San Francisco, CA",Supporting FFCare means supporting sustainable practices. Love their eco-friendly products! ğ??± #FFCare #EcoFriendly,265,38
9/4/2024,190,https://twitter.com/FitLifeExpert24/status/190,@FitLifeExpert,Twitter for iPhone,"Houston, TX",FFCare protein bars are the best pre-workout snack. They keep me fueled and focused. ğ??ª #FFCare #FitLifeExpert,185,26
9/4/2024,191,https://twitter.com/BeardLover24/status/191,@BeardLover,Twitter Web App,"Nashville, TN",FFCare beard oil has become a staple in my grooming routine. My beard feels amazing! ğ?§? #FFCare #BeardLover,160,20
9/4/2024,192,https://twitter.com/SkinCareAddict24/status/192,@SkinCareAddict,Twitter for Android,"Miami, FL",FFCare moisturizer has transformed my skincare routine. My skin is so hydrated! ğ??§ #FFCare #SkinCareAddict,240,33
9/4/2024,193,https://twitter.com/EcoFriendlyFan24/status/193,@EcoFriendlyFan,Twitter Web App,"Portland, OR",FFCareâ??s commitment to eco-friendly products is impressive. Iâ??m a fan! ğ?? #FFCare #EcoFriendlyFan,270,35
9/4/2024,194,https://twitter.com/FitLifeChampion24/status/194,@FitLifeChampion,Twitter for iPhone,"Atlanta, GA",FFCare protein bars are my go-to for a quick energy boost. Theyâ??re delicious and nutritious! ğ??ª #FFCare #FitLifeChampion,200,30
9/4/2024,195,https://twitter.com/BeardFanatic24/status/195,@BeardFanatic,Twitter Web App,"Los Angeles, CA",FFCare beard oil has made a noticeable difference in my beardâ??s health. ğ?§? #FFCare #BeardFanatic,175,22
9/4/2024,196,https://twitter.com/SkinCareNerd24/status/196,@SkinCareNerd,Twitter for Android,"San Diego, CA",FFCare moisturizer is my new favorite. It leaves my skin feeling so smooth and refreshed! ğ??¦ #FFCare #SkinCareNerd,250,30
9/4/2024,197,https://twitter.com/EcoWarriorFan24/status/197,@EcoWarriorFan,Twitter Web App,"Seattle, WA",FFCareâ??s eco-friendly approach is top-notch. Their products are great for the planet and my routine. ğ??± #FFCare #EcoWarriorFan,280,37
9/4/2024,198,https://twitter.com/FitLifeMaster24/status/198,@FitLifeMaster,Twitter for iPhone,"Houston, TX",FFCare protein bars are the best for a post-workout snack. They keep me energized and satisfied. ğ??ª #FFCare #FitLifeMaster,195,28
9/4/2024,199,https://twitter.com/BeardGroomer24/status/199,@BeardGroomer,Twitter Web App,"Phoenix, AZ",FFCare beard oil has made my beard look fuller and healthier. ğ?§? #FFCare #BeardGroomer,180,23
9/4/2024,200,https://twitter.com/SkinCareExpert24/status/200,@SkinCareExpert,Twitter for Android,"Chicago, IL",FFCare moisturizer has become a staple in my skincare regimen. My skin has never felt better! ğ??¦ #FFCare #SkinCareExpert,260,33
9/4/2024,101,https://twitter.com/SatisfiedCustomer/status/101,@SatisfiedCustomer,Twitter for iPhone,"Lagos, Nigeria",FFCare's customer service has always been excellent. They go above and beyond to help their customers. #FFCare #CustomerService,18,12
9/4/2024,102,https://twitter.com/PriceSensitive/status/102,@PriceSensitive,Twitter Web App,"Lagos, Nigeria",I wish FFCare would offer more affordable options for their products. #FFCare #Pricing,15,8
9/4/2024,103,https://twitter.com/BrandAdvocate/status/103,@BrandAdvocate,Twitter for Android,"Lagos, Nigeria",I'm a huge fan of FFCare. Their products are reliable and effective. #FFCare #BrandLoyalty,22,15
9/4/2024,104,https://twitter.com/ProductCritic/status/104,@ProductCritic,Twitter for iPhone,"Lagos, Nigeria","I've tried several FFCare products, and I've been impressed with the quality. #FFCare #ProductReview",17,11
9/4/2024,199,https://twitter.com/Influencer/status/199,@Influencer,Twitter Web App,"Lagos, Nigeria","FFCare recently sent me some of their new products to try, and I'm impressed! #FFCare #ProductReview",25,18
9/4/2024,200,https://twitter.com/LoyalCustomer/status/200,@LoyalCustomer,Twitter for Android,"Lagos, Nigeria",I've been a loyal customer of FFCare for years. Their products never disappoint. #FFCare #BrandLoyalty,28,20
9/4/2024,201,https://twitter.com/BeardKing24/status/201,@BeardKing,Twitter for iPhone,"San Diego, CA",FFCare beard oil is a game-changer for my grooming routine. My beard feels amazing! ğ?§? #FFCare #BeardKing,175,27
9/4/2024,202,https://twitter.com/SkinCareJunkie24/status/202,@SkinCareJunkie,Twitter Web App,"New York, NY",FFCare moisturizer has made my skin look and feel incredible. Canâ??t recommend it enough! ğ??§ #FFCare #SkinCareJunkie,265,34
9/4/2024,203,https://twitter.com/EcoFriendlyFanatic24/status/203,@EcoFriendlyFanatic,Twitter for Android,"Portland, OR",FFCareâ??s commitment to eco-friendly products is impressive. Loving their sustainable choices! ğ?? #FFCare #EcoFriendlyFanatic,280,39
9/4/2024,204,https://twitter.com/FitLifeAddict24/status/204,@FitLifeAddict,Twitter Web App,"Miami, FL",FFCare protein bars are a staple in my fitness regimen. They keep me going strong! ğ??ª #FFCare #FitLifeAddict,195,30
9/4/2024,205,https://twitter.com/BeardFan24/status/205,@BeardFan,Twitter for iPhone,"Los Angeles, CA",FFCare beard oil has made my beard feel softer and look fuller. Highly recommend! ğ?§? #FFCare #BeardFan,170,23
9/4/2024,206,https://twitter.com/SkinCareGuru24/status/206,@SkinCareGuru,Twitter Web App,"Chicago, IL",FFCare moisturizer has been a lifesaver for my dry skin. Itâ??s so hydrating! ğ??¦ #FFCare #SkinCareGuru,255,32
9/4/2024,207,https://twitter.com/EcoEnthusiast24/status/207,@EcoEnthusiast,Twitter for Android,"San Francisco, CA",I love FFCareâ??s focus on sustainability. Their eco-friendly products are fantastic! ğ??± #FFCare #EcoEnthusiast,270,36
9/4/2024,208,https://twitter.com/FitLifePro24/status/208,@FitLifePro,Twitter Web App,"Houston, TX",FFCare protein bars are perfect for a quick pre-workout snack. They taste great and keep me energized! ğ??ª #FFCare #FitLifePro,190,29
9/4/2024,209,https://twitter.com/BeardExpert24/status/209,@BeardExpert,Twitter for iPhone,"Nashville, TN",FFCare beard oil is a must-have for beard enthusiasts. Itâ??s made a huge difference for me. ğ?§? #FFCare #BeardExpert,160,20
9/4/2024,210,https://twitter.com/SkinCareFan24/status/210,@SkinCareFan,Twitter Web App,"San Diego, CA",FFCare moisturizer has become my go-to for a radiant glow. Itâ??s incredibly hydrating! ğ??§ #FFCare #SkinCareFan,245,31
9/4/2024,211,https://twitter.com/EcoLoverFan24/status/211,@EcoLoverFan,Twitter for Android,"Seattle, WA",FFCareâ??s commitment to eco-friendly products is amazing. Their sustainable practices are top-notch! ğ?? #FFCare #EcoLoverFan,275,38
9/4/2024,212,https://twitter.com/FitLifeExpert24/status/212,@FitLifeExpert,Twitter Web App,"Atlanta, GA",FFCare protein bars are my secret weapon for staying fit. Delicious and effective! ğ??ª #FFCare #FitLifeExpert,200,31
9/4/2024,213,https://twitter.com/BeardCareFan24/status/213,@BeardCareFan,Twitter for iPhone,"Phoenix, AZ",FFCare beard oil has truly transformed my grooming routine. My beard feels great! ğ?§? #FFCare #BeardCareFan,175,22
9/4/2024,214,https://twitter.com/SkinCareGuru24/status/214,@SkinCareGuru,Twitter Web App,"Los Angeles, CA",FFCare moisturizer is the best addition to my skincare routine. Itâ??s incredibly hydrating! ğ??¦ #FFCare #SkinCareGuru,260,35
9/4/2024,215,https://twitter.com/EcoConsciousFan24/status/215,@EcoConsciousFan,Twitter for Android,"Portland, OR",FFCareâ??s dedication to eco-friendly products is impressive. Iâ??m a big fan! ğ??± #FFCare #EcoConsciousFan,270,34
9/4/2024,216,https://twitter.com/FitLifeChampion24/status/216,@FitLifeChampion,Twitter Web App,"Dallas, TX",FFCare protein bars are essential for my workouts. Theyâ??re tasty and effective! ğ??ª #FFCare #FitLifeChampion,190,28
9/4/2024,217,https://twitter.com/BeardAficionado24/status/217,@BeardAficionado,Twitter for iPhone,"Houston, TX",FFCare beard oil is fantastic. It has made my beard feel softer and look better. ğ?§? #FFCare #BeardAficionado,165,25
9/4/2024,218,https://twitter.com/SkinCareAddict24/status/218,@SkinCareAddict,Twitter Web App,"San Diego, CA",FFCare moisturizer is my new favorite. Itâ??s incredibly moisturizing and makes my skin glow! ğ??§ #FFCare #SkinCareAddict,250,30
9/4/2024,219,https://twitter.com/EcoFanatic24/status/219,@EcoFanatic,Twitter for Android,"Boston, MA",FFCareâ??s eco-friendly practices are a huge plus. Their products are great for the environment! ğ?? #FFCare #EcoFanatic,265,33
9/4/2024,220,https://twitter.com/FitLifeGuru24/status/220,@FitLifeGuru,Twitter Web App,"Atlanta, GA",FFCare protein bars are perfect for a quick and nutritious snack. They taste great and keep me energized! ğ??ª #FFCare #FitLifeGuru,200,29
9/4/2024,221,https://twitter.com/BeardDevotee24/status/221,@BeardDevotee,Twitter for iPhone,"Chicago, IL",FFCare beard oil has improved my beardâ??s appearance and health. Highly recommended! ğ?§? #FFCare #BeardDevotee,180,24
9/4/2024,222,https://twitter.com/SkinCareAddict24/status/222,@SkinCareAddict,Twitter Web App,"New York, NY",FFCare moisturizer is a must-have for anyone looking to improve their skin. Itâ??s incredibly effective! ğ??§ #FFCare #SkinCareAddict,270,36
9/4/2024,223,https://twitter.com/EcoLover24/status/223,@EcoLover,Twitter for Android,"San Francisco, CA",FFCareâ??s eco-friendly approach is fantastic. Their products are great for both me and the environment! ğ??± #FFCare #EcoLover,275,37
9/4/2024,224,https://twitter.com/FitLifeMaster24/status/224,@FitLifeMaster,Twitter Web App,"Houston, TX",FFCare protein bars are a great addition to my fitness routine. Theyâ??re tasty and effective! ğ??ª #FFCare #FitLifeMaster,190,27
9/4/2024,225,https://twitter.com/BeardAddict24/status/225,@BeardAddict,Twitter for iPhone,"Dallas, TX",FFCare beard oil is a game-changer. My beard feels so much better and looks amazing! ğ?§? #FFCare #BeardAddict,165,23
9/4/2024,226,https://twitter.com/SkinCareExpert24/status/226,@SkinCareExpert,Twitter Web App,"San Diego, CA",FFCare moisturizer has become a staple in my skincare routine. My skin is looking better than ever! ğ??¦ #FFCare #SkinCareExpert,260,32
9/4/2024,227,https://twitter.com/EcoChampion24/status/227,@EcoChampion,Twitter for Android,"Boston, MA",FFCareâ??s dedication to sustainability is impressive. Their eco-friendly products are fantastic! ğ?? #FFCare #EcoChampion,275,35
9/4/2024,228,https://twitter.com/FitLifeFanatic24/status/228,@FitLifeFanatic,Twitter Web App,"Atlanta, GA",FFCare protein bars are perfect for keeping up my energy levels. They taste great too! ğ??ª #FFCare #FitLifeFanatic,190,30
9/4/2024,229,https://twitter.com/BeardEnthusiast24/status/229,@BeardEnthusiast,Twitter for iPhone,"Phoenix, AZ",FFCare beard oil has made a big difference in my beardâ??s health. It feels softer and looks fuller. ğ?§? #FFCare #BeardEnthusiast,170,21
9/4/2024,230,https://twitter.com/SkinCareLover24/status/230,@SkinCareLover,Twitter Web App,"Chicago, IL",FFCare moisturizer is my new skincare essential. Itâ??s so hydrating and makes my skin glow! ğ??¦ #FFCare #SkinCareLover,250,31
9/4/2024,231,https://twitter.com/EcoEnthusiast24/status/231,@EcoEnthusiast,Twitter for Android,"San Francisco, CA",FFCareâ??s eco-friendly products are amazing. I love supporting a brand that cares for the environment! ğ??± #FFCare #EcoEnthusiast,270,36
9/4/2024,232,https://twitter.com/FitLifeJunkie24/status/232,@FitLifeJunkie,Twitter Web App,"Houston, TX",FFCare protein bars are a game-changer for my workouts. Theyâ??re nutritious and delicious! ğ??ª #FFCare #FitLifeJunkie,200,28
9/4/2024,233,https://twitter.com/BeardLover24/status/233,@BeardLover,Twitter for iPhone,"Dallas, TX",FFCare beard oil is the best Iâ??ve ever used. It makes my beard feel softer and look fuller! ğ?§? #FFCare #BeardLover,175,26
9/4/2024,234,https://twitter.com/SkinCareAddict24/status/234,@SkinCareAddict,Twitter Web App,"Miami, FL",FFCare moisturizer is a must-have for anyone with dry skin. Itâ??s so moisturizing and soothing! ğ??§ #FFCare #SkinCareAddict,265,32
9/4/2024,235,https://twitter.com/EcoFriendlyFan24/status/235,@EcoFriendlyFan,Twitter for Android,"Portland, OR",FFCareâ??s dedication to eco-friendly products is outstanding. Loving their sustainable choices! ğ?? #FFCare #EcoFriendlyFan,275,34
9/4/2024,236,https://twitter.com/FitLifeChampion24/status/236,@FitLifeChampion,Twitter Web App,"Atlanta, GA",FFCare protein bars are perfect for a quick energy boost. Theyâ??re delicious and effective! ğ??ª #FFCare #FitLifeChampion,200,32
9/4/2024,237,https://twitter.com/BeardFanatic24/status/237,@BeardFanatic,Twitter for iPhone,"San Diego, CA",FFCare beard oil has transformed my beard care routine. My beard has never looked better! ğ?§? #FFCare #BeardFanatic,175,28
9/4/2024,238,https://twitter.com/SkinCareNerd24/status/238,@SkinCareNerd,Twitter Web App,"Los Angeles, CA",FFCare moisturizer is my new favorite product. It leaves my skin feeling hydrated and refreshed! ğ??¦ #FFCare #SkinCareNerd,250,29
9/4/2024,239,https://twitter.com/EcoWarrior24/status/239,@EcoWarrior,Twitter for Android,"Seattle, WA",FFCareâ??s commitment to eco-friendly practices is impressive. Their products are great for the planet! ğ??± #FFCare #EcoWarrior,280,37
9/4/2024,240,https://twitter.com/FitLifeMaster24/status/240,@FitLifeMaster,Twitter Web App,"Houston, TX",FFCare protein bars are my go-to for a post-workout snack. They keep me fueled and satisfied! ğ??ª #FFCare #FitLifeMaster,195,31
9/4/2024,241,https://twitter.com/BeardGroomer24/status/241,@BeardGroomer,Twitter for iPhone,"Phoenix, AZ",FFCare beard oil has made my beard look and feel amazing. Itâ??s a game-changer! ğ?§? #FFCare #BeardGroomer,185,24
9/4/2024,242,https://twitter.com/SkinCareExpert24/status/242,@SkinCareExpert,Twitter Web App,"Chicago, IL",FFCare moisturizer is now a key part of my skincare routine. My skin feels so smooth and hydrated! ğ??¦ #FFCare #SkinCareExpert,265,34
9/4/2024,243,https://twitter.com/EcoConsciousFan24/status/243,@EcoConsciousFan,Twitter for Android,"Boston, MA",FFCareâ??s eco-friendly products are fantastic. I love their commitment to sustainability! ğ?? #FFCare #EcoConsciousFan,270,31
9/4/2024,244,https://twitter.com/FitLifeJunkie24/status/244,@FitLifeJunkie,Twitter Web App,"Atlanta, GA",FFCare protein bars are my favorite post-workout snack. Theyâ??re tasty and keep me energized! ğ??ª #FFCare #FitLifeJunkie,195,27
9/4/2024,245,https://twitter.com/BeardFan24/status/245,@BeardFan,Twitter for iPhone,"Dallas, TX",FFCare beard oil has been a great addition to my grooming routine. My beard feels softer and looks fuller. ğ?§? #FFCare #BeardFan,170,22
9/4/2024,246,https://twitter.com/SkinCareAddict24/status/246,@SkinCareAddict,Twitter Web App,"San Diego, CA",FFCare moisturizer is incredible. Itâ??s made my skin feel so smooth and hydrated! ğ??¦ #FFCare #SkinCareAddict,260,35
9/4/2024,247,https://twitter.com/EcoFriendlyFan24/status/247,@EcoFriendlyFan,Twitter for Android,"San Francisco, CA",FFCareâ??s dedication to eco-friendly products is amazing. Their sustainable practices are top-notch! ğ??± #FFCare #EcoFriendlyFan,275,38
9/4/2024,248,https://twitter.com/FitLifeExpert24/status/248,@FitLifeExpert,Twitter Web App,"Houston, TX",FFCare protein bars are a must-have for my fitness routine. Theyâ??re delicious and keep me full! ğ??ª #FFCare #FitLifeExpert,200,30
9/4/2024,249,https://twitter.com/BeardAficionado24/status/249,@BeardAficionado,Twitter for iPhone,"Phoenix, AZ",FFCare beard oil is,230,17
1/5/2023,1,https://twitter.com/user/status/001,john_doe,Twitter for iPhone,New York,Just tried the new granola bars from FFcare and it's amazing!,120,30
2/15/2023,2,https://twitter.com/user/status/002,jane_smith,Twitter Web App,Los Angeles,Loving my new baby wipes from FFcare. Highly recommend!,200,50
3/10/2023,3,https://twitter.com/user/status/003,beardguy,Twitter for Android,Chicago,"If you haven't tried FFcare's beard oil yet, you're missing out!",340,80
4/22/2023,4,https://twitter.com/user/status/004,healthy_eats,Twitter for iPhone,San Francisco,FFcare's granola bars are a game changer. So glad I found them!,410,120
5/30/2023,5,https://twitter.com/user/status/005,baby_mama,Twitter Web App,Austin,Can't get enough of FFcare's baby wipes. So convenient and effective!,180,40
6/18/2023,6,https://twitter.com/user/status/006,beardlover,Twitter for Android,Miami,My beard has never felt better thanks to FFcare's beard oil!,300,70
7/11/2023,7,https://twitter.com/user/status/007,granola_guru,Twitter for iPhone,Seattle,FFcare's granola bars are my new favorite snack. Perfect for on-the-go!,250,60
8/3/2023,8,https://twitter.com/user/status/008,mom_life,Twitter Web App,Boston,FFcare's baby wipes are a must-have for all moms out there!,220,55
9/9/2023,9,https://twitter.com/user/status/009,beardking,Twitter for Android,Denver,"I've tried a lot of beard oils, but FFcare's is by far the best!",320,90
10/1/2023,10,https://twitter.com/user/status/010,snacklover,Twitter for iPhone,Houston,FFcare's granola bars are delicious and healthy. Perfect combo!,280,65
11/5/2023,11,https://twitter.com/user/status/011,organic_life,Twitter Web App,Phoenix,I can't stop snacking on FFcare's granola bars. So good!,290,75
12/12/2023,12,https://twitter.com/user/status/012,beardmaster,Twitter for Android,Las Vegas,My beard looks and feels amazing thanks to FFcare's beard oil!,350,85
1/20/2023,13,https://twitter.com/user/status/013,mommy_diaries,Twitter for iPhone,Atlanta,FFcare's baby wipes are a lifesaver for busy moms like me!,260,68
2/14/2023,14,https://twitter.com/user/status/014,granola_junkie,Twitter Web App,Portland,FFcare's granola bars are now a staple in my pantry. Love them!,310,78
3/22/2023,15,https://twitter.com/user/status/015,beard_gent,Twitter for Android,Nashville,FFcare's beard oil is top-notch. My beard has never been softer!,330,82
4/17/2023,16,https://twitter.com/user/status/016,healthy_mama,Twitter for iPhone,San Diego,"As a mom, I trust FFcare's baby wipes for my little one. The best!",280,65
5/25/2023,17,https://twitter.com/user/status/017,snackattack,Twitter Web App,Philadelphia,FFcare's granola bars are the perfect on-the-go snack. Can't get enough!,340,90
6/14/2023,18,https://twitter.com/user/status/018,beardboss,Twitter for Android,Dallas,"If you care about your beard, you need to try FFcare's beard oil!",400,95
7/7/2023,19,https://twitter.com/user/status/019,organic_mom,Twitter for iPhone,Detroit,FFcare's baby wipes are gentle and effective. A must-have for moms!,220,55
8/21/2023,20,https://twitter.com/user/status/020,snack_enthusiast,Twitter Web App,San Antonio,FFcare's granola bars are a hit in my household. Delicious and healthy!,370,100
4/19/2023,40,https://twitter.com/user/status/040,beard_king,Twitter for Android,"Miami, FL",FFcare's beard oil is top-notch. My beard has never been softer!,330,82
5/5/2023,41,https://twitter.com/user/status/041,mommy_care,Twitter for iPhone,"Phoenix, AZ",FFcare's baby wipes are gentle and effective. My baby loves them!,280,70
6/11/2023,42,https://twitter.com/user/status/042,snack_fanatic,Twitter Web App,"Austin, TX",FFcare's granola bars are the perfect snack. Can't get enough!,340,90
7/23/2023,43,https://twitter.com/user/status/043,beard_culture,Twitter for Android,"Seattle, WA",FFcare's beard oil has my beard looking and feeling great!,370,95
8/18/2023,44,https://twitter.com/user/status/044,baby_moments,Twitter for iPhone,"Denver, CO",FFcare's baby wipes are my go-to for any mess. So reliable!,300,85
9/25/2023,45,https://twitter.com/user/status/045,granola_guru,Twitter Web App,"San Francisco, CA",FFcare's granola bars are my favorite snack. Healthy and tasty!,350,80
10/2/2023,46,https://twitter.com/user/status/046,beard_enthusiast,Twitter for Android,"Chicago, IL",FFcare's beard oil is a game changer. My beard has never been better!,410,105
11/19/2023,47,https://twitter.com/user/status/047,mommy_expert,Twitter for iPhone,"Los Angeles, CA","As a mom, I can't live without FFcare's baby wipes. They're the best!",320,90
12/30/2023,48,https://twitter.com/user/status/048,snack_hunter,Twitter Web App,"New York, NY",FFcare's granola bars are the perfect blend of taste and nutrition!,390,100
1/10/2023,49,https://twitter.com/user/status/049,beard_love,Twitter for Android,"San Diego, CA",FFcare's beard oil is a must-have for anyone serious about beard care!,380,90
2/7/2023,50,https://twitter.com/user/status/050,mommy_journey,Twitter for iPhone,"Houston, TX",FFcare's baby wipes are my go-to for all baby-related messes!,310,85
3/18/2023,51,https://twitter.com/user/status/051,snack_lover,Twitter Web App,"Orlando, FL",FFcare's granola bars are my secret to staying energized throughout the day!,360,95
4/22/2023,52,https://twitter.com/user/status/052,beard_wisdom,Twitter for Android,"Charlotte, NC",FFcare's beard oil is the best I've ever used. My beard is thriving!,420,110
5/27/2023,53,https://twitter.com/user/status/053,mom_love,Twitter for iPhone,"Portland, OR",Can't imagine life without FFcare's baby wipes. A mom's best friend!,330,88
6/30/2023,54,https://twitter.com/user/status/054,granola_freak,Twitter Web App,"Phoenix, AZ",FFcare's granola bars are the perfect snack for any occasion. Delicious!,400,105
7/14/2023,55,https://twitter.com/user/status/055,beard_master,Twitter for Android,"Indianapolis, IN",My beard has never looked better thanks to FFcare's beard oil!,430,115
8/24/2023,56,https://twitter.com/user/status/056,mommy_life,Twitter for iPhone,"Salt Lake City, UT",FFcare's baby wipes are a lifesaver for moms on the go!,300,80
9/18/2023,57,https://twitter.com/user/status/057,snack_maniac,Twitter Web App,"Sacramento, CA",FFcare's granola bars are a must-have in my pantry. Healthy and tasty!,350,90
10/26/2023,58,https://twitter.com/user/status/058,beard_lux,Twitter for Android,"Las Vegas, NV",FFcare's beard oil is the secret to a well-groomed beard. Love it!,390,98
11/17/2023,59,https://twitter.com/user/status/059,mom_expert,Twitter for iPhone,"Atlanta, GA",FFcare's baby wipes are gentle and effective. Perfect for my baby!,320,90
12/28/2023,60,https://twitter.com/user/status/060,granola_snack,Twitter Web App,"Miami, FL",These granola bars from FFcare are simply the best. Can't get enough!,370,100
1/9/2023,61,https://twitter.com/user/status/061,beard_pro,Twitter for Android,"Philadelphia, PA",FFcare's beard oil is the ultimate grooming product. A must-have!,420,110
2/15/2023,62,https://twitter.com/user/status/062,mommy_experience,Twitter for iPhone,"Phoenix, AZ",FFcare's baby wipes are gentle on my baby's skin and super effective!,340,95
3/21/2023,63,https://twitter.com/user/status/063,snack_fan,Twitter Web App,"Dallas, TX",FFcare's granola bars are a perfect blend of taste and nutrition!,390,105
4/28/2023,64,https://twitter.com/user/status/064,beard_strength,Twitter for Android,"Austin, TX",FFcare's beard oil is my secret to a strong and healthy beard!,440,120
5/13/2023,65,https://twitter.com/user/status/065,mommy_joy,Twitter for iPhone,"San Jose, CA",FFcare's baby wipes are a blessing for busy moms like me!,350,95
6/22/2023,66,https://twitter.com/user/status/066,snack_junkie,Twitter Web App,"San Antonio, TX",FFcare's granola bars are my favorite snack. Healthy and delicious!,380,100
7/3/2023,67,https://twitter.com/user/status/067,beard_care,Twitter for Android,"Los Angeles, CA",Every man should try FFcare's beard oil. It's a game changer!,410,105
8/15/2023,68,https://twitter.com/user/status/068,mommy_world,Twitter for iPhone,"Columbus, OH",FFcare's baby wipes are a lifesaver for moms on the go!,330,85
9/20/2023,69,https://twitter.com/user/status/069,granola_time,Twitter Web App,"Detroit, MI",FFcare's granola bars are my go-to snack for a healthy lifestyle!,390,100
10/30/2023,70,https://twitter.com/user/status/070,beard_luxury,Twitter for Android,"Las Vegas, NV",FFcare's beard oil is the best I've ever used. My beard is thriving!,430,115
11/28/2023,71,https://twitter.com/user/status/071,mommy_first,Twitter for iPhone,"Charlotte, NC",FFcare's baby wipes are my go-to for my baby's delicate skin!,350,90
12/24/2023,72,https://twitter.com/user/status/072,snack_addict,Twitter Web App,"Nashville, TN",FFcare's granola bars are perfect for a quick and healthy snack!,370,105
1/12/2023,73,https://twitter.com/user/status/073,beard_guy,Twitter for Android,"Phoenix, AZ",FFcare's beard oil is my go-to for keeping my beard soft and shiny!,400,110
2/5/2023,74,https://twitter.com/user/status/074,mom_care,Twitter for iPhone,"Louisville, KY",FFcare's baby wipes are perfect for my baby's sensitive skin!,330,85
3/12/2023,75,https://twitter.com/user/status/075,snack_time,Twitter Web App,"Albuquerque, NM",FFcare's granola bars are my favorite snack. Can't get enough!,360,95
4/26/2023,76,https://twitter.com/user/status/076,beard_style,Twitter for Android,"Baltimore, MD",FFcare's beard oil has taken my grooming routine to the next level!,430,115
5/11/2023,77,https://twitter.com/user/status/077,mommy_love,Twitter for iPhone,"Seattle, WA",FFcare's baby wipes are a mom's best friend. Can't live without them!,310,82
6/18/2023,78,https://twitter.com/user/status/078,snack_lover,Twitter Web App,"Houston, TX",FFcare's granola bars are the perfect snack for a busy day!,380,100
7/31/2023,79,https://twitter.com/user/status/079,beard_care,Twitter for Android,"Indianapolis, IN",FFcare's beard oil is the best thing that's happened to my beard!,440,120
8/22/2023,80,https://twitter.com/user/status/080,mom_expert,Twitter for iPhone,"Denver, CO",FFcare's baby wipes are the best for my little one's sensitive skin!,340,90
9/14/2023,81,https://twitter.com/user/status/081,snack_fanatic,Twitter Web App,"Portland, OR",FFcare's granola bars are my go-to snack. Healthy and delicious!,400,110
10/23/2023,82,https://twitter.com/user/status/082,beard_lux,Twitter for Android,"San Francisco, CA",FFcare's beard oil is a game changer for any man with a beard!,450,125
11/9/2023,83,https://twitter.com/user/status/083,mommy_life,Twitter for iPhone,"Chicago, IL",FFcare's baby wipes are the only ones I trust for my baby!,360,95
12/15/2023,84,https://twitter.com/user/status/084,snack_freak,Twitter Web App,"New York, NY",FFcare's granola bars are the perfect on-the-go snack. Love them!,390,100
1/14/2023,85,https://twitter.com/user/status/085,beard_expert,Twitter for Android,"San Diego, CA",FFcare's beard oil is a must-have for anyone with a beard. Highly recommend!,470,130
2/18/2023,86,https://twitter.com/user/status/086,mommy_world,Twitter for iPhone,"Phoenix, AZ",FFcare's baby wipes are gentle and effective. Perfect for my baby's delicate skin!,350,90
3/29/2023,87,https://twitter.com/user/status/087,snack_time,Twitter Web App,"Austin, TX",FFcare's granola bars are a delicious and healthy snack option!,420,110
4/15/2023,88,https://twitter.com/user/status/088,beard_king,Twitter for Android,"Los Angeles, CA",FFcare's beard oil has transformed my beard. I can't recommend it enough!,450,125
5/21/2023,89,https://twitter.com/user/status/089,mommy_joy,Twitter for iPhone,"Philadelphia, PA",FFcare's baby wipes are a game changer for moms like me. Highly recommend!,370,100
6/3/2023,90,https://twitter.com/user/status/090,snack_hunter,Twitter Web App,"Dallas, TX",FFcare's granola bars are the perfect snack to keep me going throughout the day!,400,110
7/13/2023,91,https://twitter.com/user/status/091,beard_wisdom,Twitter for Android,"San Jose, CA",FFcare's beard oil is a must-have for any man with a beard. My beard has never been better!,480,135
8/29/2023,92,https://twitter.com/user/status/092,mommy_moments,Twitter for iPhone,"Miami, FL",FFcare's baby wipes are the best I've ever used. My baby loves them!,340,90
9/19/2023,93,https://twitter.com/user/status/093,snack_maniac,Twitter Web App,"Phoenix, AZ",FFcare's granola bars are my go-to snack for a healthy and delicious treat!,430,120
10/27/2023,94,https://twitter.com/user/status/094,beard_love,Twitter for Android,"Seattle, WA",FFcare's beard oil is the best I've ever used. My beard has never looked better!,490,140
11/11/2023,95,https://twitter.com/user/status/095,mom_life,Twitter for iPhone,"New York, NY",FFcare's baby wipes are my go-to for all my baby's needs. They're the best!,360,100
12/19/2023,96,https://twitter.com/user/status/096,snack_fan,Twitter Web App,"Las Vegas, NV","FFcare's granola bars are my favorite snack. Healthy, tasty, and convenient!",410,110
1/5/2024,98,https://twitter.com/user/status/098,health_guru,Twitter Web App,"San Francisco, CA",FFcare's granola bars are the perfect blend of healthy and delicious!,430,120
1/12/2024,99,https://twitter.com/user/status/099,beard_master,Twitter for Android,"Phoenix, AZ",FFcare's beard oil has completely transformed my grooming routine!,500,130
2/5/2024,100,https://twitter.com/user/status/100,mom_care,Twitter for iPhone,"Houston, TX",FFcareâ??s baby wipes are a lifesaver for my babyâ??s sensitive skin!,350,100
2/18/2024,101,https://twitter.com/user/status/101,snack_fan,Twitter Web App,"Miami, FL",FFcareâ??s granola bars keep me going through the day. A must-have snack!,410,115
3/9/2024,102,https://twitter.com/user/status/102,beard_expert,Twitter for Android,"Chicago, IL",Nothing beats FFcare's beard oil. My beard has never been softer!,490,145
4/1/2024,103,https://twitter.com/user/status/103,mom_love,Twitter for iPhone,"Los Angeles, CA","As a mom of two, FFcare's baby wipes are my go-to for everything!",370,95
4/15/2024,104,https://twitter.com/user/status/104,snack_mania,Twitter Web App,"Denver, CO",FFcare's granola bars are the tastiest and healthiest snacks. Love them!,420,110
5/5/2024,105,https://twitter.com/user/status/105,beard_king,Twitter for Android,"Austin, TX",FFcare's beard oil is truly a king's product. Keeps my beard smooth!,470,130
6/12/2024,106,https://twitter.com/user/status/106,mom_expert,Twitter for iPhone,"Boston, MA",FFcare's baby wipes are gentle and safe for my baby's delicate skin.,340,90
6/22/2024,107,https://twitter.com/user/status/107,snack_junkie,Twitter Web App,"Dallas, TX",I can't stop snacking on FFcare's granola bars. So addicting!,410,115
7/10/2024,108,https://twitter.com/user/status/108,beard_guy,Twitter for Android,"Seattle, WA","I've tried many products, but FFcare's beard oil is the best by far!",460,120
7/25/2024,109,https://twitter.com/user/status/109,mom_joy,Twitter for iPhone,"New York, NY",FFcare's baby wipes are a blessing for my busy days with two toddlers!,370,90
8/10/2024,110,https://twitter.com/user/status/110,snack_freak,Twitter Web App,"San Diego, CA",FFcare's granola bars are my favorite snack to keep me energized!,450,125
8/29/2024,111,https://twitter.com/user/status/111,beard_men,Twitter for Android,"Las Vegas, NV","FFcare's beard oil is perfect for maintaining a thick, healthy beard.",480,135
9/2/2024,112,https://twitter.com/user/status/112,momma_life,Twitter for iPhone,"Atlanta, GA",FFcare's baby wipes are always in my diaper bag. So convenient!,320,85
9/18/2024,113,https://twitter.com/user/status/113,snack_queen,Twitter Web App,"Phoenix, AZ",FFcare's granola bars keep me feeling full and healthy. Love them!,430,115
10/5/2024,114,https://twitter.com/user/status/114,beard_lux,Twitter for Android,"Portland, OR",FFcare's beard oil is a luxury I can't live without. My beard feels amazing!,500,140
10/20/2024,115,https://twitter.com/user/status/115,mom_experience,Twitter for iPhone,"Philadelphia, PA","FFcare's baby wipes are gentle, affordable, and simply the best!",350,95
11/5/2024,116,https://twitter.com/user/status/116,snack_monster,Twitter Web App,"Chicago, IL",These FFcare granola bars are my favorite snack while working long hours.,410,110
11/19/2024,117,https://twitter.com/user/status/117,beard_styler,Twitter for Android,"Miami, FL","With FFcare's beard oil, my beard looks sleek and stylish every day.",460,125
12/1/2024,118,https://twitter.com/user/status/118,mom_world,Twitter for iPhone,"Houston, TX",These baby wipes from FFcare are the softest ones Iâ??ve used. Highly recommend!,330,90
12/15/2024,119,https://twitter.com/user/status/119,snack_addict,Twitter Web App,"Los Angeles, CA",FFcare's granola bars are my favorite guilt-free snack. So yummy!,430,120
12/31/2024,120,https://twitter.com/user/status/120,beard_life,Twitter for Android,"Dallas, TX","FFcare's beard oil makes my beard soft, shiny, and healthy-looking!",470,135
1/15/2023,201,https://twitter.com/user/status/201,fitness_freak,Twitter Web App,"Phoenix, AZ",FFcareâ??s granola bars are my go-to pre-workout snack! Perfect balance of energy and taste.,320,75
1/22/2023,202,https://twitter.com/user/status/202,beard_god,Twitter for Android,"Austin, TX",Loving the smooth feel of FFcareâ??s beard oil! My beard has never felt softer.,450,100
2/5/2023,203,https://twitter.com/user/status/203,mom_on_the_go,Twitter for iPhone,"New York, NY",FFcareâ??s baby wipes make diaper changes so much easier. Highly recommend!,390,90
2/20/2023,204,https://twitter.com/user/status/204,snack_savvy,Twitter Web App,"Chicago, IL",Just tried FFcareâ??s granola bars and theyâ??re my new favorite snack. So tasty!,340,85
3/12/2023,205,https://twitter.com/user/status/205,beard_magic,Twitter for Android,"Los Angeles, CA",FFcareâ??s beard oil is like magic in a bottle. My beard game is on point!,480,110
3/30/2023,206,https://twitter.com/user/status/206,mom_daily,Twitter for iPhone,"Miami, FL","FFcareâ??s baby wipes are gentle, durable, and affordable. Total mom-approved!",410,100
4/7/2023,207,https://twitter.com/user/status/207,healthy_snacker,Twitter Web App,"San Diego, CA",Canâ??t go a day without FFcareâ??s granola bars. Perfect mid-day snack!,360,95
4/15/2023,208,https://twitter.com/user/status/208,beard_hero,Twitter for Android,"Houston, TX",The shine and softness FFcareâ??s beard oil gives is unbeatable. Beard goals!,490,120
5/3/2023,209,https://twitter.com/user/status/209,mom_life_hacks,Twitter for iPhone,"Denver, CO",These baby wipes from FFcare are life-savers during long trips. Super convenient!,400,80
5/18/2023,210,https://twitter.com/user/status/210,snack_attack,Twitter Web App,"Boston, MA","If you havenâ??t tried FFcareâ??s granola bars yet, youâ??re seriously missing out!",370,105
6/2/2023,211,https://twitter.com/user/status/211,beard_enthusiast,Twitter for Android,"Seattle, WA",FFcareâ??s beard oil keeps my beard conditioned and smelling great all day long.,470,130
6/20/2023,212,https://twitter.com/user/status/212,mom_tactics,Twitter for iPhone,"Philadelphia, PA","Diaper bag essential? FFcareâ??s baby wipes, hands down. Always prepared!",350,85
7/4/2023,213,https://twitter.com/user/status/213,snack_squad,Twitter Web App,"Phoenix, AZ",FFcareâ??s granola bars are delicious and packed with nutrients. Perfect for hikes!,420,110
7/22/2023,214,https://twitter.com/user/status/214,beard_mastery,Twitter for Android,"Las Vegas, NV",My beardâ??s never felt healthier thanks to FFcareâ??s beard oil. Highly recommend!,480,135
8/10/2023,215,https://twitter.com/user/status/215,mom_tips,Twitter for iPhone,"Dallas, TX",FFcareâ??s baby wipes are the softest wipes Iâ??ve ever used. My kids love them too!,360,100
8/25/2023,216,https://twitter.com/user/status/216,snack_lover,Twitter Web App,"San Francisco, CA",FFcareâ??s granola bars have become my daily snack. Full of flavor and health.,430,115
9/7/2023,217,https://twitter.com/user/status/217,beard_perfection,Twitter for Android,"Denver, CO","Iâ??ve tried many oils, but FFcareâ??s beard oil is hands down the best. My beard loves it!",510,150
9/15/2023,218,https://twitter.com/user/status/218,mom_buddy,Twitter for iPhone,"Chicago, IL",FFcareâ??s baby wipes are now a staple in my house. Best for cleaning up messes!,390,95
10/3/2023,219,https://twitter.com/user/status/219,snack_addict,Twitter Web App,"New York, NY",I love FFcareâ??s granola bars! Theyâ??re the perfect snack for a busy lifestyle.,450,125
10/19/2023,220,https://twitter.com/user/status/220,beard_game,Twitter for Android,"Miami, FL",FFcareâ??s beard oil helps me maintain a sleek and stylish beard all day long.,490,135
1/10/2023,221,https://twitter.com/user/status/221,fit_journey,Twitter Web App,"Los Angeles, CA",FFcare granola bars are the perfect energy boost before my morning workouts!,320,80
1/22/2023,222,https://twitter.com/user/status/222,beard_bro,Twitter for Android,"Austin, TX",Canâ??t believe how soft my beard feels after using FFcareâ??s beard oil. Love it!,410,120
2/5/2023,223,https://twitter.com/user/status/223,mom_life,Twitter for iPhone,"New York, NY",FFcare baby wipes are a lifesaver for diaper changes. Soft and gentle for my baby.,380,90
2/12/2023,224,https://twitter.com/user/status/224,snack_master,Twitter Web App,"Chicago, IL",Just discovered FFcareâ??s granola bars. Theyâ??re delicious and so healthy!,340,75
3/5/2023,225,https://twitter.com/user/status/225,beard_strength,Twitter for Android,"Phoenix, AZ",FFcare beard oil is a game-changer! My beard looks and feels amazing.,470,110
3/19/2023,226,https://twitter.com/user/status/226,mom_wonders,Twitter for iPhone,"Dallas, TX",I donâ??t go anywhere without FFcare baby wipes. Theyâ??re the best for cleanups!,400,95
3/28/2023,227,https://twitter.com/user/status/227,granola_lover,Twitter Web App,"San Diego, CA","FFcare granola bars are now my daily snack. Healthy, tasty, and filling!",350,80
4/12/2023,228,https://twitter.com/user/status/228,beard_power,Twitter for Android,"Houston, TX",Nothing beats FFcareâ??s beard oil. My beard stays shiny and soft all day.,460,125
4/26/2023,229,https://twitter.com/user/status/229,mom_love,Twitter for iPhone,"Philadelphia, PA","The best baby wipes out there? FFcareâ??s. Trust me, Iâ??ve tried them all.",410,100
5/7/2023,230,https://twitter.com/user/status/230,snack_fanatic,Twitter Web App,"Boston, MA",Loving FFcareâ??s granola bars. Theyâ??re so convenient and packed with nutrients!,380,95
5/15/2023,231,https://twitter.com/user/status/231,beard_finesse,Twitter for Android,"Miami, FL","Thanks to FFcare beard oil, my beard game has never been stronger.",490,130
5/29/2023,232,https://twitter.com/user/status/232,mom_survival,Twitter for iPhone,"Seattle, WA",FFcare baby wipes are a must-have for moms. Gentle and reliable!,370,90
6/5/2023,233,https://twitter.com/user/status/233,snack_nation,Twitter Web App,"San Francisco, CA",Iâ??m obsessed with FFcareâ??s granola bars! So tasty and filling.,410,110
6/20/2023,234,https://twitter.com/user/status/234,beard_champion,Twitter for Android,"Las Vegas, NV",FFcare beard oil is my secret to keeping my beard soft and conditioned.,500,140
7/5/2023,235,https://twitter.com/user/status/235,mom_life_hacks,Twitter for iPhone,"Chicago, IL",FFcare baby wipes are a game-changer for on-the-go moms like me!,420,100
7/18/2023,236,https://twitter.com/user/status/236,granola_craver,Twitter Web App,"New York, NY",I canâ??t start my day without FFcareâ??s granola bars. Theyâ??re amazing!,450,115
8/3/2023,237,https://twitter.com/user/status/237,beard_style,Twitter for Android,"Denver, CO",FFcareâ??s beard oil keeps my beard healthy and stylish. Love it!,510,150
8/15/2023,238,https://twitter.com/user/status/238,mom_help,Twitter for iPhone,"Austin, TX","FFcare baby wipes are gentle and durable, perfect for my little one.",400,95
8/26/2023,239,https://twitter.com/user/status/239,snack_obsessed,Twitter Web App,"Los Angeles, CA",Just tried FFcareâ??s granola bars. Theyâ??re the best snack for busy days!,440,120
9/9/2023,240,https://twitter.com/user/status/240,beard_master,Twitter for Android,"Orlando, FL",FFcare beard oil is part of my daily grooming routine. My beard looks amazing!,520,145
9/22/2023,241,https://twitter.com/user/status/241,mom_wins,Twitter for iPhone,"Portland, OR",I trust FFcare baby wipes for my babyâ??s delicate skin. Theyâ??re the best.,430,110
1/15/2023,242,https://twitter.com/user/status/242,beard_king,Twitter for Android,"Atlanta, GA",Just tried FFcareâ??s beard oil and my beard feels amazing! So smooth and hydrated.,520,150
1/25/2023,243,https://twitter.com/user/status/243,mom_on_the_go,Twitter for iPhone,"Salt Lake City, UT",FFcare baby wipes are so soft and gentle on my babyâ??s skin. A must-have!,440,110
2/3/2023,244,https://twitter.com/user/status/244,granola_holic,Twitter Web App,"Raleigh, NC",FFcare granola bars are my new favorite snack! Theyâ??re delicious and healthy.,360,95
2/14/2023,245,https://twitter.com/user/status/245,beard_goals,Twitter for Android,"Oklahoma City, OK",FFcare beard oil is essential for my grooming routine. Keeps my beard looking sharp.,530,160
2/20/2023,246,https://twitter.com/user/status/246,mom_expert,Twitter for iPhone,"Milwaukee, WI","I love FFcare baby wipes! Theyâ??re gentle, durable, and perfect for my little one.",450,120
3/1/2023,247,https://twitter.com/user/status/247,snack_fuel,Twitter Web App,"Minneapolis, MN",FFcare granola bars give me the perfect energy boost during the day!,400,105
3/12/2023,248,https://twitter.com/user/status/248,beard_hero,Twitter for Android,"Tampa, FL",I swear by FFcareâ??s beard oil! My beard looks fuller and feels softer.,540,155
3/22/2023,249,https://twitter.com/user/status/249,mom_in_action,Twitter for iPhone,"Columbus, OH",FFcare baby wipes are a game changer. They make diaper changes so much easier!,420,100
4/5/2023,250,https://twitter.com/user/status/250,snack_attack,Twitter Web App,"Richmond, VA","FFcare granola bars are delicious and perfect for a quick, healthy snack.",390,85
4/18/2023,251,https://twitter.com/user/status/251,beard_vibes,Twitter for Android,"Kansas City, MO",The shine and softness from FFcare beard oil is unreal! Highly recommend.,550,170
4/25/2023,252,https://twitter.com/user/status/252,mom_life_saver,Twitter for iPhone,"Detroit, MI",FFcare baby wipes are a lifesaver for messy situations. Soft and reliable!,430,110
5/3/2023,253,https://twitter.com/user/status/253,granola_magic,Twitter Web App,"Nashville, TN",Iâ??m hooked on FFcare granola bars! Theyâ??re so convenient and delicious.,370,90
5/17/2023,254,https://twitter.com/user/status/254,beard_expert,Twitter for Android,"St. Louis, MO","FFcare beard oil is the secret to my healthy, well-groomed beard. Highly recommend!",560,180
5/25/2023,255,https://twitter.com/user/status/255,mom_on_point,Twitter for iPhone,"Indianapolis, IN",I trust FFcare baby wipes for my babyâ??s delicate skin. Theyâ??re super gentle!,440,120
6/5/2023,256,https://twitter.com/user/status/256,snack_maniac,Twitter Web App,"Louisville, KY",Iâ??m obsessed with FFcareâ??s granola bars. Perfect for on-the-go snacking!,400,100
6/15/2023,257,https://twitter.com/user/status/257,beard_god,Twitter for Android,"Cincinnati, OH",FFcare beard oil is the best thing to happen to my grooming routine.,580,190
6/25/2023,258,https://twitter.com/user/status/258,mom_love,Twitter for iPhone,"Madison, WI","FFcare baby wipes are gentle, durable, and the only wipes Iâ??ll ever use!",460,130
7/2/2023,259,https://twitter.com/user/status/259,granola_queen,Twitter Web App,"Charlotte, NC",FFcare granola bars are a must-have for any snack lover. So tasty and nutritious!,420,110
1/30/2023,261,https://twitter.com/user/status/261,beard_fanatic,Twitter for Android,"Baltimore, MD",FFcareâ??s beard oil is a game changer. My beard has never looked better!,540,145
2/5/2023,262,https://twitter.com/user/status/262,mom_essentials,Twitter for iPhone,"Cleveland, OH",Canâ??t live without FFcare baby wipes. Theyâ??re gentle and effective!,430,115
2/10/2023,263,https://twitter.com/user/status/263,snack_lover,Twitter Web App,"Tucson, AZ",FFcare granola bars are my go-to snack. So tasty and nutritious!,370,95
2/20/2023,264,https://twitter.com/user/status/264,beard_wizard,Twitter for Android,"Orlando, FL",FFcare beard oil keeps my beard soft and manageable. Highly recommend!,550,160
3/1/2023,265,https://twitter.com/user/status/265,mom_hero,Twitter for iPhone,"San Antonio, TX",I always keep FFcare baby wipes handy. Theyâ??re perfect for any mess!,440,120
3/10/2023,266,https://twitter.com/user/status/266,granola_fan,Twitter Web App,"Indianapolis, IN",FFcareâ??s granola bars are my new favorite snack. Healthy and delicious!,380,100
3/20/2023,267,https://twitter.com/user/status/267,beard_expert,Twitter for Android,"Jacksonville, FL",FFcare beard oil is a must-have. My beard has never looked better!,560,170
4/1/2023,268,https://twitter.com/user/status/268,mom_life,Twitter for iPhone,"Philadelphia, PA",FFcare baby wipes are gentle and perfect for my babyâ??s sensitive skin.,430,110
4/10/2023,269,https://twitter.com/user/status/269,snack_king,Twitter Web App,"San Diego, CA",Canâ??t get enough of FFcareâ??s granola bars. Theyâ??re amazing!,390,95
4/20/2023,270,https://twitter.com/user/status/270,beard_luxury,Twitter for Android,"Columbus, OH",FFcareâ??s beard oil is the best investment for my beardâ??s health.,570,180
5/1/2023,271,https://twitter.com/user/status/271,mom_junkie,Twitter for iPhone,"Cincinnati, OH",FFcare baby wipes are a staple in my diaper bag. Theyâ??re awesome!,440,120
5/10/2023,272,https://twitter.com/user/status/272,granola_love,Twitter Web App,"Kansas City, MO",Just had another FFcare granola bar. Theyâ??re so tasty and filling!,400,105
5/20/2023,273,https://twitter.com/user/status/273,beard_haven,Twitter for Android,"Tampa, FL",FFcare beard oil is my secret to a perfect beard. Itâ??s incredible!,580,190
6/1/2023,274,https://twitter.com/user/status/274,mom_essentials,Twitter for iPhone,"Baltimore, MD",FFcare baby wipes are the best for keeping my baby clean and happy.,450,130
6/10/2023,275,https://twitter.com/user/status/275,snack_favorite,Twitter Web App,"Charlotte, NC",FFcare granola bars are my favorite snack. Theyâ??re so good!,410,115
6/20/2023,276,https://twitter.com/user/status/276,beard_master,Twitter for Android,"Cleveland, OH",FFcareâ??s beard oil has transformed my grooming routine. So glad I found it!,590,200
7/1/2023,277,https://twitter.com/user/status/277,mom_perks,Twitter for iPhone,"San Antonio, TX",FFcare baby wipes are gentle and perfect for any cleanup. Love them!,460,135
7/10/2023,278,https://twitter.com/user/status/278,granola_queen,Twitter Web App,"Jacksonville, FL",FFcareâ??s granola bars are my go-to snack. So tasty and nutritious!,420,125
7/20/2023,279,https://twitter.com/user/status/279,beard_fan,Twitter for Android,"Denver, CO",FFcare beard oil is fantastic. My beard looks and feels amazing!,600,234
1/5/2023,280,https://twitter.com/user/status/280,beard_lover,Twitter for Android,"Austin, TX",Just got my FFcare beard oil. My beard is already feeling softer and looking fuller!,550,155
1/12/2023,281,https://twitter.com/user/status/281,mom_tips,Twitter for iPhone,"Boston, MA",FFcare baby wipes are amazing. Theyâ??re so soft on my babyâ??s sensitive skin.,440,120
1/20/2023,282,https://twitter.com/user/status/282,granola_fan,Twitter Web App,"Seattle, WA",Canâ??t get enough of FFcare granola bars. Theyâ??re the perfect healthy snack!,370,100
1/30/2023,283,https://twitter.com/user/status/283,beard_nation,Twitter for Android,"Chicago, IL",FFcare beard oil has changed my grooming game. My beard has never looked better!,560,165
2/5/2023,284,https://twitter.com/user/status/284,mom_love,Twitter for iPhone,"Dallas, TX",FFcare baby wipes are a must-have for every mom. Gentle and effective!,450,130
2/12/2023,285,https://twitter.com/user/status/285,snack_king,Twitter Web App,"San Francisco, CA",Just had a FFcare granola bar. Delicious and perfect for a quick energy boost!,380,105
2/22/2023,286,https://twitter.com/user/status/286,beard_lover,Twitter for Android,"New York, NY",FFcare beard oil is incredible. My beard is softer and looks great!,570,175
3/1/2023,287,https://twitter.com/user/status/287,mom_essentials,Twitter for iPhone,"Los Angeles, CA",FFcare baby wipes are the best. They make diaper changes so much easier!,460,140
3/10/2023,288,https://twitter.com/user/status/288,granola_fanatic,Twitter Web App,"Miami, FL",FFcareâ??s granola bars are amazing. Great taste and perfect for on-the-go!,400,110
3/18/2023,289,https://twitter.com/user/status/289,beard_hobbyist,Twitter for Android,"Atlanta, GA",The shine and softness from FFcare beard oil is unmatched. Highly recommend!,580,185
4/1/2023,290,https://twitter.com/user/status/290,mom_on_the_go,Twitter for iPhone,"Philadelphia, PA",FFcare baby wipes are a lifesaver. Theyâ??re gentle and keep my baby clean!,470,145
4/10/2023,291,https://twitter.com/user/status/291,granola_addict,Twitter Web App,"Washington, DC",FFcare granola bars are so tasty. Theyâ??ve become my favorite snack!,410,120
4/15/2023,292,https://twitter.com/user/status/292,beard_care,Twitter for Android,"Baltimore, MD",FFcare beard oil is top-notch. My beard has never felt so good!,590,195
5/1/2023,293,https://twitter.com/user/status/293,mom_perks,Twitter for iPhone,"San Diego, CA",I trust FFcare baby wipes for everything. Theyâ??re soft and reliable!,480,150
5/10/2023,294,https://twitter.com/user/status/294,granola_freak,Twitter Web App,"Houston, TX",FFcareâ??s granola bars are my new obsession. Delicious and convenient!,420,125
5/20/2023,295,https://twitter.com/user/status/295,beard_expert,Twitter for Android,"Chicago, IL",FFcare beard oil is worth every penny. Itâ??s made a huge difference!,600,205
6/1/2023,296,https://twitter.com/user/status/296,mom_guru,Twitter for iPhone,"Dallas, TX",FFcare baby wipes are a staple in our household. So gentle and effective!,490,155
6/10/2023,297,https://twitter.com/user/status/297,snack_lover,Twitter Web App,"Los Angeles, CA",FFcare granola bars are fantastic. Theyâ??re my go-to snack for a quick energy boost!,430,130
1/1/2023,300,https://twitter.com/user/status/300,beard_buff,Twitter for Android,"Austin, TX",FFcare beard oil is a game changer. My beard is softer than ever!,620,175
1/10/2023,301,https://twitter.com/user/status/301,mom_expert,Twitter for iPhone,"Boston, MA",FFcare baby wipes are the best for keeping my baby clean and fresh!,480,140
1/15/2023,302,https://twitter.com/user/status/302,snack_fanatic,Twitter Web App,"Seattle, WA",FFcare granola bars are my favorite snack. Theyâ??re so tasty and healthy!,400,120
2/1/2023,303,https://twitter.com/user/status/303,beard_lover,Twitter for Android,"Chicago, IL",Just tried FFcare beard oil. Itâ??s fantastic! My beard looks amazing.,640,190
2/10/2023,304,https://twitter.com/user/status/304,mom_joy,Twitter for iPhone,"Dallas, TX",FFcare baby wipes are perfect for diaper changes. Theyâ??re gentle and effective!,490,155
2/15/2023,305,https://twitter.com/user/status/305,granola_lover,Twitter Web App,"San Francisco, CA",FFcareâ??s granola bars are a delicious snack. Great for a quick boost of energy!,420,130
3/1/2023,306,https://twitter.com/user/status/306,beard_care,Twitter for Android,"New York, NY",FFcare beard oil has transformed my beard care routine. Highly recommend!,650,200
3/10/2023,307,https://twitter.com/user/status/307,mom_support,Twitter for iPhone,"San Diego, CA",FFcare baby wipes are a lifesaver. Theyâ??re perfect for any mess!,500,165
3/20/2023,308,https://twitter.com/user/status/308,granola_fanatic,Twitter Web App,"Houston, TX",FFcareâ??s granola bars are amazing. Theyâ??re my new favorite snack!,430,140
4/1/2023,309,https://twitter.com/user/status/309,beard_buddy,Twitter for Android,"Atlanta, GA",FFcare beard oil makes my beard look great. Itâ??s a must-have!,660,210
4/10/2023,310,https://twitter.com/user/status/310,mom_life,Twitter for iPhone,"Philadelphia, PA",I love FFcare baby wipes. Theyâ??re perfect for my babyâ??s delicate skin.,510,175
4/15/2023,311,https://twitter.com/user/status/311,granola_addict,Twitter Web App,"Washington, DC",FFcare granola bars are delicious. They keep me full and satisfied!,440,150
5/1/2023,312,https://twitter.com/user/status/312,beard_expert,Twitter for Android,"Baltimore, MD",FFcare beard oil is top-notch. My beard has never felt so soft and smooth.,670,220
5/10/2023,313,https://twitter.com/user/status/313,mom_joy,Twitter for iPhone,"San Antonio, TX",FFcare baby wipes are a staple in our household. Theyâ??re perfect for any situation!,520,180
5/15/2023,314,https://twitter.com/user/status/314,granola_lover,Twitter Web App,"Dallas, TX",Canâ??t get enough of FFcare granola bars. Theyâ??re my go-to snack!,450,160
6/1/2023,315,https://twitter.com/user/status/315,beard_nation,Twitter for Android,"Miami, FL",FFcare beard oil is amazing. Itâ??s made my beard look and feel incredible.,680,230
6/10/2023,316,https://twitter.com/user/status/316,mom_hero,Twitter for iPhone,"Charlotte, NC",FFcare baby wipes are the best. Theyâ??re gentle and perfect for my babyâ??s needs.,530,190
6/15/2023,317,https://twitter.com/user/status/317,snack_lover,Twitter Web App,"San Francisco, CA",Just had a FFcare granola bar. Delicious and satisfying!,460,170
9/1/2024,400,https://twitter.com/user/status/400,happy_chef,Twitter for Android,"Austin, TX",FFcare pasta sauces are a game changer for quick meals. Love the variety!,620,230
9/2/2024,401,https://twitter.com/user/status/401,mommy_blogger,Twitter for iPhone,"New York, NY","FFcare baby wipes are a staple in our home. Soft, effective, and reliable.",540,200
9/3/2024,402,https://twitter.com/user/status/402,fit_n_fun,Twitter Web App,"Los Angeles, CA",FFcare protein bars are perfect for a post-workout snack. They keep me energized!,490,180
9/4/2024,403,https://twitter.com/user/status/403,gourmet_guru,Twitter for iPad,"Chicago, IL",Just tried FFcare's new range of sauces. Absolutely delicious!,610,220
9/5/2024,404,https://twitter.com/user/status/404,eco_mom,Twitter for Android,"Seattle, WA",FFcare's eco-friendly wipes are a win for both my baby and the planet. ğ??,570,210
9/6/2024,405,https://twitter.com/user/status/405,student_life,Twitter Web App,"Boston, MA",FFcare granola bars are my go-to study snack. They keep me focused and satisfied!,490,200
9/7/2024,406,https://twitter.com/user/status/406,family_first,Twitter for iPhone,"Denver, CO",FFcare's baby lotion is so soothing and smells amazing. My little one loves it!,530,190
9/8/2024,407,https://twitter.com/user/status/407,city_diner,Twitter Web App,"Philadelphia, PA",Had a fantastic meal with FFcare's ready-to-eat meals. Quick and tasty!,550,210
9/9/2024,408,https://twitter.com/user/status/408,pet_lover,Twitter for Android,"San Diego, CA",FFcare's pet food is the best. My dog loves it and it's so nutritious!,480,190
9/10/2024,409,https://twitter.com/user/status/409,chef_4_life,Twitter for iPad,"Portland, OR",FFcareâ??s gourmet sauces have elevated my cooking game. Highly recommend!,600,240
9/11/2024,410,https://twitter.com/user/status/410,busy_bee,Twitter Web App,"Atlanta, GA",FFcare's quick meals are a lifesaver on busy days. So convenient!,520,200
9/12/2024,411,https://twitter.com/user/status/411,cleaning_queen,Twitter for Android,"Dallas, TX",FFcare's cleaning products are fantastic. They make my home sparkle!,560,210
9/13/2024,412,https://twitter.com/user/status/412,vegan_chef,Twitter Web App,"San Jose, CA",FFcareâ??s vegan snacks are amazing. Perfect for my plant-based diet!,490,180
9/14/2024,413,https://twitter.com/user/status/413,travel_bug,Twitter for iPhone,"Miami, FL",FFcareâ??s travel-sized toiletries are a must-have for any trip. So convenient!,550,200
9/15/2024,414,https://twitter.com/user/status/414,organic_lover,Twitter Web App,"Minneapolis, MN",Love that FFcareâ??s products are organic. Great for my health and the environment!,600,220
9/16/2024,415,https://twitter.com/user/status/415,fitness_freak,Twitter for iPad,"Seattle, WA",FFcareâ??s protein shakes are a great post-workout boost. Tastes great too!,530,190
9/17/2024,416,https://twitter.com/user/status/416,happy_gardener,Twitter for Android,"Phoenix, AZ",FFcareâ??s eco-friendly cleaning supplies are perfect for my green home. ğ??±,560,210
9/18/2024,417,https://twitter.com/user/status/417,tech_guru,Twitter Web App,"Las Vegas, NV",FFcareâ??s tech-friendly gadgets are so useful. Makes life so much easier!,490,180
9/19/2024,418,https://twitter.com/user/status/418,family_chef,Twitter for iPhone,"San Antonio, TX",FFcareâ??s sauces have become a family favorite. Great flavors and quality!,620,230
9/20/2024,419,https://twitter.com/user/status/419,diy_expert,Twitter Web App,"Cleveland, OH",FFcareâ??s cleaning products are a DIY enthusiastâ??s dream. Effective and affordable!,540,200
9/21/2024,420,https://twitter.com/user/status/420,pet_parent,Twitter for iPhone,"Jacksonville, FL",FFcareâ??s pet grooming products make bath time so much easier. My cat loves them!,570,210
9/22/2024,421,https://twitter.com/user/status/421,quick_cook,Twitter for Android,"San Francisco, CA",FFcareâ??s pre-seasoned meal kits save so much time and are packed with flavor!,600,220
9/23/2024,422,https://twitter.com/user/status/422,fit_lifestyle,Twitter Web App,"Seattle, WA",FFcareâ??s smoothie powders are a fantastic way to start my day. Tasty and healthy!,530,190
9/24/2024,423,https://twitter.com/user/status/423,cleaning_ninja,Twitter for iPhone,"Columbus, OH",FFcareâ??s all-purpose cleaner is my go-to for keeping everything spotless!,550,200
9/25/2024,424,https://twitter.com/user/status/424,gourmet_chef,Twitter Web App,"Detroit, MI",FFcareâ??s artisanal sauces have transformed my cooking. So many delicious options!,610,220
9/26/2024,425,https://twitter.com/user/status/425,baby_lover,Twitter for Android,"Baltimore, MD",FFcare baby lotion is so gentle. Itâ??s perfect for my babyâ??s delicate skin.,530,190
